id,classification,categories,text
KA-01011,informational,311-51|311-111|311-81,"Alternate Side Parking and Street Cleaning. Learn about Alternate Side Parking (ASP) suspensions, rules, and change requests."
KA-01012,informational,311-71|311-58,Birth Certificate Order. Get a copy of a birth certificate.
KA-01013,informational,311-71|311-58,Birth Certificate Change. Correct or update a birth certificate.
KA-01014,submittable,311-89,Buses and Subways. Get information or make a complaint about a MetroCard or bus or subway run by the Metropolitan Transportation Authority (MTA).
KA-01015,informational,311-35|311-62|311-74|311-85|311-61|311-110,"Department of Finance Business Centers. Find places to pay parking tickets, camera violations, and property taxes and get related services."
KA-01016,unclear,311-35|311-62|311-12|311-61|311-68|311-60,Mediation. Get free and confidential help to resolve a dispute.
KA-01017,submittable,311-62|311-12|311-61|311-60,Noise from Neighbor. Report a noisy neighbor.
KA-01018,informational,311-23|311-22,"SNAP. Apply for SNAP, formerly known as food stamps."
KA-01019,submittable,311-36|311-68,Vandalism in a Park. Report vandalism taking place in a park.
KA-01020,submittable,311-71|311-43|311-72|311-54|311-73|311-103,Apostille Document Authentication. Get a document issued in New York certified for use in a foreign country.
KA-01021,submittable,311-78|311-109,City Agency Record or FOIL Request. Request a City Agency record or make a Freedom of Information Law (FOIL) request.
KA-01022,informational,311-71|311-58,Birth Certificate from Puerto Rico. Get a copy of a birth certificate if you were born in Puerto Rico.
KA-01023,unclear,311-54|311-70,"Consulate or Embassy. Get foreign passports, visas, vital records, and other services at a consulate."
KA-01024,unclear,311-35|311-70,Name Change. Learn how to change your legal name with the court.
KA-01025,unclear,311-78|311-107,"NYC311 App. Get the NYC311 app for an iPhone, iPad, or Android."
KA-01026,informational,311-111|311-81,Parking Signs and Rules. Learn about parking regulations and find out the rules for a specific location.
KA-01027,informational,311-68,Police Precincts and PSAs. Find a precinct or police service area (PSA) for a specific address. Get precinct and PSA locations and contact information.
KA-01028,informational,311-72,Death Certificate Order. Get a copy of a death certificate.
KA-01029,informational,311-35|311-68,"County Clerk. Get information about business certificates, divorce court, notary verification, and Supreme Court document maintenance."
KA-01030,informational,311-35|311-27|311-73,Marriage Record. Get a copy of a marriage record or make a correction.
KA-01031,informational,311-35|311-73,Divorce Record. Get a copy of a divorce judgment or other written order in a divorce case.
KA-01032,informational,311-25,Adoption and Foster Care. Learn about adopting a child in foster care. Request assistance after adoption. Check the status of adoption subsidy payments.
KA-01033,emergency,311-68,Dangerous Location or Situation. Call 911 to report a situation that might cause danger to life or personal property.
KA-01034,submittable,311-68|311-80|311-47,"Fire Hydrant Complaint. Report a fire hydrant that is leaking, running, missing, misused, or damaged (including fender post), or blocked by a vehicle."
KA-01035,submittable,311-36|311-68|311-80|311-47,"Fire Hydrant Request. Request installation, removal, relocation, spray cap fitting, or fender post installation."
KA-01036,submittable,311-64|311-61|311-60,Heat or Hot Water Complaint in a Residential Building. Report a problem with heat or hot water in a residential building.
KA-01037,submittable,311-21|311-68,"Homeless Outreach Assistance. Request outreach for a homeless person living on the streets, in the subway, or in other public places."
KA-01038,informational,311-23|311-25,"Child Support. Get help with eligibility, obligations, payments, enforcement, and accounts."
KA-01039,submittable,311-21|311-60,Homeless Shelter Complaint. Make a complaint or comment about a homeless shelter.
KA-01040,informational,311-35|311-75|311-56|311-26|311-29|311-60,"Legal Assistance. Get a lawyer referral, free legal services, and answers to questions about the law and courts. Connect with Tenant Helpline for advice and assistance."
KA-01041,submittable,311-21|311-20|311-59|311-29|311-28|311-60,Eviction Prevention and Homebase. Get help if you have gotten an eviction notice and learn about the Homebase program.
KA-01042,submittable,311-60,Tenant Harassment. Get help for a tenant whose landlord harasses them and tries to force them out of their apartment. Connect with Tenant Helpline for advice and assistance.
KA-01043,informational,311-35|311-26,"Immigration and Citizenship. Learn about immigration and citizenship applications, resources, services, and immigration legal help."
KA-01045,submittable,311-33|311-90,Taxi Lost and Found. Report an item lost or found in a yellow or green taxi.
KA-01046,emergency,311-69|311-68,"Missing Person. Call 911 to report someone who may be missing, abducted, or kidnapped. Check if a missing person has been found."
KA-01047,submittable,311-80|311-81,Pedestrian Signal Complaint or Request. Report a problem with an existing pedestrian (Walk/Don't Walk) signal. Request a new Accessible Pedestrian Signal.
KA-01048,submittable,311-64,"Electrical Complaint. Report an electrical problem in a rental building, defective or exposed wiring in a building, or faulty outdoor electrical equipment."
KA-01049,informational,311-56,Health Care Proxy. Get the form and guidelines for appointing someone to legally make healthcare decisions for you if you can't do it yourself.
KA-01050,submittable,311-90,"Car Service Lost and Found. Report an item lost or found in a car service, limousine, or black car."
KA-01051,submittable,311-66,Unleashed Dog. Report a dog that is not leashed in a park or other public place.
KA-01052,informational,311-60,NYCHA Pet Policy. Learn about NYCHA's pet policy. Report a person breaking the rules.
KA-01053,submittable,311-91,Staten Island Ferry Lost and Found. Report an item lost or found on the Staten Island Ferry.
KA-01054,submittable,311-64|311-80,"Pay Phone Complaint. Report a pay phone that is broken, damaged, dirty, or has graffiti."
KA-01055,submittable,311-33|311-90,Taxi Driver Compliment. Give positive feedback about a yellow or green taxi driver.
KA-01056,submittable,311-33|311-90,Taxi or Car Service Insurance Information. Request insurance information if you had property damaged or were in an accident involving a taxi or for-hire vehicle.
KA-01057,informational,311-33|311-58,"Restaurant and Mobile Food Letter Grading. Learn about letter grading for restaurants, food trucks and food carts. Report a missing, fake, or incorrect letter grade."
KA-01058,submittable,311-33|311-62|311-61|311-60,"Cable Complaint. Report a problem with a cable TV, phone, or internet provider."
KA-01059,informational,311-56|311-29,"Alzheimer's Care. Learn about resources for living with Alzheimer's Disease, including long-term care and living arrangements. Get support for caregivers."
KA-01060,submittable,311-36,"Park Maintenance Complaint. Report broken equipment, unclean conditions, or another maintenance problem in a City park, pool, recreation center, or greenway."
KA-01061,submittable,311-64,Privately Owned Public Space (POPS) Complaint. Report a privately owned public space (POPS) that is poorly maintained or not open to the public during posted hours.
KA-01062,submittable,311-62|311-111|311-61|311-80|311-81|311-60,Blocked Driveway. Report a vehicle that is blocking your driveway.
KA-01063,submittable,311-81,Street Sign Complaint. Report a problem with a street sign.
KA-01064,submittable,311-81,Street Sign Request. Request a new parking or traffic sign or change to an existing one.
KA-01065,informational,311-44|311-37|311-43|311-40|311-38|311-103,Libraries. Find a public library.
KA-01066,informational,311-78|311-109,Service Request Status. Check the status of a Service Request filed with NYC311.
KA-01067,submittable,311-105|311-103,School Maintenance Complaint. Report a public school that needs repair or maintenance.
KA-01068,submittable,311-48|311-62|311-61|311-60,Sewage Leak or Odor Indoors. Report a sewage leak or odor in a residential or commercial building.
KA-01069,informational,311-20|311-59|311-29,Housing Options for Older Adults. Learn about housing options for people age 60 and older.
KA-01071,submittable,311-80,Bus Stop Shelters. Request a new bus stop shelter or report an existing bus stop shelter that needs maintenance or repair.
KA-01072,submittable,311-92|311-36|311-80,Bike Rack Complaint. Report a bike rack issue or a usable abandoned bike chained to a bike rack. Learn how to retrieve a bike that has been removed from a city-owned bike rack.
KA-01073,submittable,311-61|311-60,"HPD Building Information and Code Enforcement Borough Service Centers. HPD Code Enforcement Borough Centers information by phone and in person for violations, complaints, property registrations. HPD Building Information online"
KA-01074,submittable,311-78|311-61|311-60,"Apartment Maintenance Complaint. Report a maintenance problem in an apartment, public area, or entire building of a privately-owned residential rental building."
KA-01075,informational,311-35|311-61|311-60,"Housing Court for Tenants and Landlords. Learn about assistance for landlords and tenants with ongoing disputes, including eviction."
KA-01076,submittable,311-60,"NYCHA Public Housing Maintenance Complaint. Report a maintenance problem in a New York City Housing Authority apartment, building, or public space."
KA-01077,informational,311-61|311-60,Loft Complaint. Get help with resolving disputes between loft tenants and owners.
KA-01078,submittable,311-62|311-61|311-60,Co-Op or Condo Sponsor Information Complaint. Report a problem with a co-op or condo sponsor.
KA-01079,informational,311-91|311-79|311-113,"Bridges. Get information about bridges, request bridge maintenance or report a bridge condition."
KA-01080,informational,311-81,Pedestrian Bridges. Learn about pedestrian bridges in New York City.
KA-01081,informational,311-79|311-113|311-81,"Street, Highway, Bridge, and Tunnel Closures. Learn about street, highway, bridge, and tunnel closures."
KA-01082,unclear,311-69,"Notify NYC. Sign up to get messages about emergency events, important City services, and neighborhood-specific alerts."
KA-01083,submittable,311-62|311-61|311-80|311-81,"Curb or Driveway Complaint. Report a curb that is damaged, painted, or illegally cut for a driveway."
KA-01084,submittable,311-48|311-80|311-81,"Catch Basin Complaint. Report a street sewer catch basin that needs cleaning or has a defect, including missing curb piece or cover. Report a lost personal item in a catch basin."
KA-01085,submittable,311-33|311-12|311-68,"Noise from Bar, Club, or Restaurant. Report noise, including music, coming from a bar, club, or restaurant. Learn how mediation can help quality of life disputes between restaurants, bars,"
KA-01086,submittable,311-12,Noise from House of Worship. Report noise from inside a house of worship.
KA-01087,submittable,311-12,Noise from Dog or Other Animal. Report noise from a dog or other domestic animals.
KA-01088,submittable,311-12,Noise from Park. Report noise from a park.
KA-01089,submittable,311-12|311-114|311-68,Noise from Alarm. Report an alarm in progress or an alarm that goes off too often or for too long.
KA-01090,submittable,311-12,Noise from Store or Business. Report noise (other than an alarm or equipment) from a store or commercial location.
KA-01091,submittable,311-64|311-12,"Noise from Construction. Report noise from street or building construction, including jackhammer noise."
KA-01092,submittable,311-12|311-80|311-81,Noise from Street or Sidewalk. Report noise from the street or sidewalk.
KA-01093,submittable,311-81,Pothole or Cave-In on Street. Report a pothole or cave-in on a street.
KA-01094,unclear,311-35,City Claim. Report personal injury or property damage against the City or a City contractor including damage to a vehicle from a pothole.
KA-01095,submittable,311-81,Street Repair Complaint. Report damage to a street caused by street work.
KA-01096,submittable,311-12|311-81,Noise from Garbage Truck. Report noise from a City-owned garbage truck or a private carter.
KA-01097,submittable,311-12|311-81,Noise from Ice Cream Truck. Report music from an ice cream truck that isn't moving.
KA-01098,submittable,311-12|311-81,Noise from Intercity or Interstate Bus. Report noise from an intercity or interstate bus.
KA-01099,submittable,311-81,Street Resurfacing Request. Report a street in need of paving.
KA-01100,submittable,311-81,Pavement Marking Complaint or Request. Report missing or faded pavement markings (also known as street line markings) on a street or highway. Request brand new pavement markings.
KA-01101,submittable,311-12,Noise from Lawn Equipment. Report noise from lawn care equipment.
KA-01102,submittable,311-12|311-81,"Noise from Vehicle. Report noise from a vehicle, including horn honking, engine idling, or loud music."
KA-01103,submittable,311-33|311-62|311-61|311-94|311-60,Postal Service. Get information or make a complaint about United States Postal Service (USPS) products and services.
KA-01104,informational,311-23,One Shot Deal (Emergency Cash Help). Learn about short term emergency financial assistance for people in need.
KA-01105,informational,311-45,"Federal Government Jobs. Learn about federal government jobs, including civil service."
KA-01106,submittable,311-81,Pothole or Cave-In on Highway. Report a pothole or cave-in on a highway.
KA-01107,submittable,311-33|311-62|311-105|311-67|311-58|311-61|311-80|311-60,"Rat or Mouse Complaint. Report rats, mice, and conditions that might attract them."
KA-01109,submittable,311-67|311-66|311-58|311-68,Animal Bite. Report an animal that bit a person.
KA-01110,informational,311-62|311-67|311-58|311-61|311-60,"Pest Control Guidance. Learn about controlling rats, mice, and bugs and pest control training for the public and professionals."
KA-01111,submittable,311-33|311-58,"Food Safety Complaint. Report an unsanitary restaurant, deli, grocery, market, cafeteria, bakery, or facility where food is made or stored."
KA-01112,submittable,311-81|311-31,Adopt a Highway. Sponsor highway cleaning.
KA-01113,submittable,311-20|311-59|311-61|311-60,Affordable Housing Fee Fraud. Report being charged a fee to apply for housing sponsored by the Department of Housing Preservation and Development.
KA-01114,submittable,311-91|311-33|311-68,Airline Complaint. Report an airline safety or scale problem.
KA-01115,informational,311-61|311-60,Alternative Enforcement Program (AEP). Learn about a program to fix maintenance problems in distressed multiple dwellings.
KA-01116,informational,311-102,Alternative Schools and Programs. Learn about alternative paths to a diploma for at-risk students.
KA-01117,informational,311-56,Ambulance Patient Location. Find out which hospital an ambulance took a patient to.
KA-01118,unclear,311-89,"Amtrak Trains. Make a reservation, get travel information, or make a complaint about Amtrak trains."
KA-01119,submittable,311-33,Architect or Engineer Complaint. Report a problem with a registered architect or a professional engineer.
KA-01120,unclear,311-68,Arson Tips. Report that a fire may have been set deliberately.
KA-01121,informational,311-37|311-94,"Art Supplies. Apply for art, office, and household supplies for artists and cultural organizations."
KA-01122,informational,311-57,Asbestos Health Effects. Learn about the health effects of asbestos exposure.
KA-01123,submittable,311-64,Asbestos Work Notification. File the notification required to do work that disturbs asbestos.
KA-01125,submittable,311-56|311-29|311-28,Assisted Living Facility or Adult Home Complaint. Report a problem with an assisted living facility or adult home.
KA-01126,submittable,311-33,ATM Complaint. Report a problem with an automated teller machine (ATM).
KA-01128,submittable,311-112|311-33,Auto Repair Complaint. Report a problem with a car repair or inspection.
KA-01129,submittable,311-72|311-75|311-56,Autopsy Report. Get an autopsy report for a legal family member.
KA-01130,submittable,311-97|311-33,Bail Bond Agent Complaint. Report illegal business practices by a bail bond agent.
KA-01131,submittable,311-33,"Bank Complaint. Report a problem with a bank, credit union, lending institution, or safe deposit company."
KA-01132,informational,311-45,"Become a Firefighter, Emergency Medical Technician (EMT), or Paramedic. Learn about getting a job with the Fire Department."
KA-01133,informational,311-94,Become a Food Provider. Learn about becoming a Human Resources Administration (HRA) food pantry or soup kitchen.
KA-01134,informational,311-45,Nursing Jobs. Learn about nursing careers at public hospitals and health centers.
KA-01135,informational,311-45,Become a NYC Ferry Captain or Deckhand. Learn about getting a job as an NYC Ferry captain or deckhand.
KA-01136,informational,311-53|311-45,Become a Poll Worker. Learn about getting a job as a poll worker.
KA-01139,informational,311-64,"Billboard, Building Sign, or Awning Permit. Apply for billboard, building sign, and awning permits."
KA-01142,informational,311-38|311-36,"Brooklyn Cyclones. Learn about the Brooklyn Cyclones, including schedule and ticket information."
KA-01143,submittable,311-33|311-31,Charity Background Check or Complaint. Request a review of a charity organization or report a problem with one.
KA-01144,informational,311-25|311-84,Child Tax Credits. Learn about the federal Child Tax Credit (CTC) and other Child and Dependent Care Tax Credits.
KA-01145,submittable,311-24|311-55,Child Health Plus Complaint. Report a problem with a Child Health Plus assistant.
KA-01146,informational,311-95,Cigarette Wholesaler License. Apply for a license to stamp cigarette packages for sale.
KA-01147,submittable,311-107|311-68,City Claim Fraud. Report a false or fraudulent claim against the city.
KA-01148,submittable,311-108,City Comptroller Complaint. Report a problem with the City Comptroller.
KA-01149,unclear,311-78|311-109,City Council Transcript. Request a New York City Council meeting transcript.
KA-01150,informational,311-45,City Employment Verification. Learn about employment verification for past and current New York City government employees.
KA-01151,informational,311-49,"City Environmental Quality Review. Get a Technical Manual to assist City Agencies, project sponsors, and the public in conducting environmental review of projects in the City."
KA-01152,unclear,311-39,City Hall Tours. Request a reservation to visit City Hall.
KA-01153,informational,311-35|311-77|311-68,City Marshal Bonds. Learn about the bonds filed by New York City Marshals.
KA-01154,submittable,311-35|311-110,City Marshal Complaint. Report a problem with a city marshal.
KA-01156,informational,311-109,City Record Newspaper. Learn about a daily newspaper published by the Department of Citywide Administrative Services.
KA-01157,submittable,311-43,City University of New York (CUNY) Admissions Complaint. Report a problem with the CUNY Admissions Processes.
KA-01158,submittable,311-107|311-111|311-114,City Vehicle Complaint. Report an issue with a City vehicle.
KA-01160,informational,311-64,City-Owned Property. Learn about the ownership of City-owned property.
KA-01161,unclear,311-46,Citywide Training Center. Get training and professional development opportunities for City employees.
KA-01162,informational,311-43,"College Savings Programs. Learn about programs to save for college tuition, including the NYC Kids RISE (""baby bonds"") and NY 529 programs."
KA-01163,informational,311-43,"CUNY Special Programs. Learn about counseling, remedial instruction, and tutorial services for CUNY college students."
KA-01164,unclear,311-96,Construction Vendor Prequalification Application. Apply to prequalify to become a Department of Design and Construction vendor.
KA-01165,submittable,311-46|311-69|311-94,Corporate Emergency Access System (CEAS) Program. Get ID Cards for critical business employees to enter restricted areas after an emergency.
KA-01166,submittable,311-94,Corporation Dissolution. Learn how to dissolve a corporation that has conducted business in New York City.
KA-01167,informational,311-35|311-99|311-94,Correctional Facility Pass for Attorneys. Get a pass for lawyers and investigators to visit clients at correctional facilities.
KA-01168,submittable,311-68,Counterfeit Money. Report counterfeit United States currency.
KA-01169,informational,311-64,Crane and Derrick Permit. Apply for a permit to operate or install equipment used to hoist or lift objects.
KA-01170,unclear,311-25,Cribs for Families in Need. Get a free crib for your child if you can't afford one.
KA-01171,unclear,311-35,"Criminal Court. Get locations, hours, arrests, case status, appeals, bail, summonses, and domestic violence services for Criminal Courts."
KA-01172,submittable,311-56|311-30,Crisis Support for Veterans. Get help for veterans in crisis.
KA-01173,informational,311-94|311-47,Cross Connection and Water Backflow Prevention. Learn about the cross connection or water backflow program and business requirements.
KA-01174,informational,311-37|311-94,Cultural Program Grant. Apply for a grant for a non-profit cultural program.
KA-01175,unclear,311-37|311-96,Cultural Project Funding. Learn how the City spends money on cultural projects.
KA-01176,informational,311-107|311-29,Department for the Aging Presentation or Training. Request a Department for the Aging speaker or participation in an event.
KA-01177,informational,311-64|311-68,Department of Buildings Document Fraud. Report someone using false information to file for a Department of Buildings (DOB) document.
KA-01178,submittable,311-94,Department of Consumer and Worker Protection License and Complaint Sign. Request a sign that licensed businesses must post for customers.
KA-01179,submittable,311-33|311-96,Department of Consumer and Worker Protection Public Outreach. Request a Consumer and Worker Protection speaker or participation in an event.
KA-01181,informational,311-64,Department of Design and Construction (DDC) Services and Projects. Learn about general services and initiatives or report a problem or get information for a specific Department of Design and Construction project.
KA-01182,informational,311-107|311-49,Department of Environmental Protection Public Outreach. Request a Department of Environmental Protection speaker or participation in an event.
KA-01183,submittable,311-107,"NYC Health Department Clinic Feedback. Make a complaint, give a compliment, or make a comment about a clinic run by the NYC Health Department."
KA-01184,informational,311-107|311-57,NYC Health Department Public Outreach. Request an NYC Health Department speaker or participation in an event.
KA-01186,submittable,311-51|311-50,"Department of Sanitation Vehicle Accident. Report an accident or property damage involving a garbage truck, snow plow, or other City sanitation vehicle."
KA-01187,unclear,311-108,Governor. Learn how to contact New York State Governor Kathy Hochul or her staff.
KA-01188,informational,311-68,Hazardous Materials. Learn about hazardous materials and how to dispose them.
KA-01189,informational,311-94,Health Academy Registration Assistance. Get help with the Health Academy Registration System.
KA-01190,informational,311-21,Homeless Person or Family Contact. Contact a homeless adult or family in a shelter.
KA-01191,informational,311-62|311-59,HUD-Owned Buildings. Learn about residential buildings that are offered for sale to the public by the Department of Housing and Urban Development.
KA-01192,informational,311-103,"Learn & Earn Program. Get help for high school juniors and seniors with graduating and preparing for employment, college, or both."
KA-01193,informational,311-96,Lease or Buy City Property. Learn about renting or purchasing City-owned property for private use.
KA-01195,submittable,311-98,Letter of Incarceration. Request jail release or discharge papers for former or current incarcerated people to document the time in jail.
KA-01196,informational,311-96,Locally Based Enterprises (LBE) Program. Learn about a certification program for small construction and construction-related firms that want to do business with the City of New York.
KA-01197,submittable,311-50,Lost Item in Trash. Report an item lost in trash that has been collected by the Department of Sanitation.
KA-01198,submittable,311-33|311-56,Managed Care Complaint. Report a problem with medical treatment received from managed care plans.
KA-01199,informational,311-68,"Military Draft Registration. Register to be eligible for the military draft, in case a draft becomes necessary."
KA-01200,submittable,311-33,Money Transmitter Complaint. Report a problem with a licensed money transmitter business.
KA-01201,submittable,311-33|311-62|311-61,Mortgage or Loan Company Complaint. Report a problem with a mortgage or loan company.
KA-01202,informational,311-112|311-33,National Gas Price Trends. Learn about national trends in gas prices.
KA-01203,informational,311-31,National Service Program. Learn about National Service programs.
KA-01204,informational,311-108,Public Advocate. Learn about and contact the elected official who reviews and investigates complaints about City services.
KA-01205,informational,311-94,SNAP for Retailers. Apply for your store to accept SNAP benefits from customers.
KA-01206,informational,311-95,"Spray Booth Permit. Apply for a required permit for the installation of booths used with spraying of paints, lacquers, varnishes, and other surface coatings."
KA-01207,informational,311-68,Volunteer Firefighter Background Check. Learn about criminal history checks for volunteer fire department applicants.
KA-01208,informational,311-36|311-31,Volunteer in Parks. Help care for City parks and recreational facilities.
KA-01209,informational,311-94|311-31,Volunteer Program Management. Get resources for volunteer organizations.
KA-01210,submittable,311-64,Vacant Lot Complaint. Report a vacant lot that is dirty or not fenced.
KA-01211,submittable,311-89,Long Island Rail Road. Get information or make a complaint about the Long Island Rail Road (LIRR).
KA-01212,submittable,311-89,Metro-North Railroad. Get information or make a complaint about the Metro-North Railroad.
KA-01213,submittable,311-89,New Jersey Transit. Get information or make a complaint about the New Jersey Transit bus and train system.
KA-01214,submittable,311-89,PATH Trains. Get information or make a complaint about train service between Manhattan and New Jersey.
KA-01215,informational,311-89,Port Authority Buses. Learn about the Port Authority Bus Terminal and the George Washington Bus Station.
KA-01216,emergency,311-46|311-27|311-28|311-68|311-60,"Harassment. Call 911 to report any type of harassment, including sexual harassment, cat calling, and voyeurism."
KA-01217,unclear,311-25|311-35|311-68,"Domestic Violence. Report domestic violence or get counseling, support, and shelter for victims."
KA-01218,submittable,311-89,Staten Island Railway. Get information or make a complaint about the Staten Island Railway.
KA-01219,emergency,311-68,Stolen Property. Call 911 to report stolen property.
KA-01220,submittable,311-114|311-68,Vehicle Accident. Report a car accident.
KA-01221,unclear,311-25|311-68,Child Abuse. Report possible child abuse or neglect.
KA-01223,informational,311-108,"Elected Officials. Find out who your City, State, and Federal elected officials are and how to contact them."
KA-01224,informational,311-107,"City Agency Commissioners and Mayor's Senior Staff. Contact Agency Commissioners, Deputy Mayors, and other members of the Mayor's Senior Staff."
KA-01226,unclear,311-107|311-108,"Mayor. Submit opinions and suggestions for the Mayor, including those about City government processes."
KA-01227,submittable,311-98,Incarcerated Person Medical Concern. Get medical attention for an incarcerated person in Department of Correction custody.
KA-01228,informational,311-84,State Tax. Learn how to file and pay taxes collected by New York State.
KA-01229,informational,311-91|311-70,"Passports. Apply for, renew, replace, or update a United States passport."
KA-01230,submittable,311-79|311-113,Tunnels. Get information or make a complaint about a tunnel.
KA-01231,informational,311-68,Lost or Found Property. Report lost or found property.
KA-01232,submittable,311-80,Lost Item in Sidewalk Grating. The City does not retrieve items that have fallen into sidewalk gratings.
KA-01233,submittable,311-80|311-81,Water Main Break. Report a possible water main break.
KA-01234,submittable,311-80|311-81,Water Leak on Street or Sidewalk. Report water leaking on a street or sidewalk.
KA-01235,submittable,311-81,Manhole Flooding. Report a manhole that is overflowing with water or sewage.
KA-01236,submittable,311-62|311-105|311-67|311-61|311-60,Bed Bug Complaint. Report bed bugs.
KA-01237,submittable,311-12|311-81,"Highway Plate Complaint. Report a shifted, missing, or broken steel plate on a highway."
KA-01238,informational,311-111,ParkNYC Parking Payment. Pay for street parking using a mobile app or website.
KA-01239,informational,311-111,Parking Meters. Learn about metered parking.
KA-01240,submittable,311-111,Parking Meter Complaint or Request. Report a problem with a parking meter or request a refund. Request a new parking meter or removal or relocation of an existing parking meter.
KA-01241,submittable,311-33|311-90,"Taxi Complaint. Report a problem with a taxi driver or vehicle, including rudeness, unsafe driving, refusing a request, maintenance issues, or route complaints."
KA-01242,informational,311-115|311-111|311-28,"State Parking Permit for People with Disabilities. Apply for, renew, or report a problem with a New York State Parking Permit for People with Disabilities."
KA-01243,informational,311-115|311-111|311-28,"City Parking Permit for People with Disabilities. Apply for, renew, or report a problem with a New York City Parking Permit for People with Disabilities."
KA-01244,submittable,311-33|311-90,"Car Service Complaint. Report a problem with a limousine, ambulette, Access-A-Ride taxi, black cab, or car service company."
KA-01245,unclear,311-90,"Taxis. Get general information about taxis, including fares and rules."
KA-01247,informational,311-64|311-62|311-74|311-61,Borough-Block-Lot (BBL) Lookup. Get the Borough Block Lot (BBL) or parcel number for a specific address.
KA-01248,informational,311-62|311-85|311-61,Property Tax Payment Plan. Request an agreement to pay property tax debt in installments.
KA-01250,informational,311-64|311-62|311-74|311-85|311-61,"Property Value and Assessment. Learn about a property's values, tax class, exemptions, and descriptions."
KA-01251,informational,311-62|311-85|311-61,Property Tax Payment Assistance. Get help with a property tax payment problem.
KA-01252,informational,311-62|311-85|311-61,Property Tax Bill. Learn about property tax bills and get copies and account information.
KA-01253,informational,311-62|311-85|311-61,Property Tax Payment. Pay a property tax bill.
KA-01254,informational,311-64,Abandoned Property. Learn about a list advertising abandoned properties.
KA-01255,informational,311-71,Adoption Records. Get a record of a child's adoption.
KA-01256,informational,311-45,Become a Correction Officer. Learn about getting a job as a correction officer.
KA-01257,informational,311-45,Become a Lifeguard. Learn about getting a job as a lifeguard at a public beach.
KA-01258,informational,311-99|311-58,Behavioral Health and the Criminal Justice System Task Force. Learn about the task force to reduce the unnecessary arrest and incarceration of people with behavioral health issues.
KA-01259,informational,311-29,Benefits Guide for Older Adults. Download a brochure about resources and services for people age 60 and older.
KA-01260,submittable,311-92|311-36|311-81,Bike Lane. Report a maintenance issue with an on-street bike lane or request a new bike lane.
KA-01261,informational,311-38|311-36|311-81,"Block Party, Street Fair, or Event Permit. Apply for a permit to hold a block party, street fair, parade, or other event on a City street or sidewalk."
KA-01262,informational,311-61,"Property Management and Maintenance Resources. Learn about building management and maintenance resources for property owners, managing agents, superintendents, or contractors."
KA-01263,informational,311-60,Building Ownership. Find out who owns a building.
KA-01264,informational,311-63|311-33,"Buildings Information System (BIS). Learn about building information, past or current construction jobs, and skilled trade license and general contractor status from DOB's BIS."
KA-01265,submittable,311-80|311-81,Bus Stop Request. Request a new bus stop or relocation of an existing bus stop.
KA-01266,informational,311-94,"Business Improvement District (BID) Guide. Learn about resources for Business Improvement Districts (BID), including how to make one."
KA-01268,submittable,311-33,Cell Phone Number Portability. Learn how to keep your cell phone number when you change phone carriers.
KA-01269,informational,311-94|311-60,"Child Care Business Pathways for NYCHA Residents. Learn about Childcare Business Pathways, a 15-week program that works directly with NYCHA residents to help them launch in-home childcare businesses."
KA-01270,informational,311-78|311-107|311-109,City Agency Performance. Learn about City agency performance.
KA-01271,submittable,311-108,City Council Member Complaint. Report a problem with a City Council Member.
KA-01273,informational,311-109,City Government Spending. Learn about New York City government spending.
KA-01274,informational,311-109,"City Laws. Learn about New York City Charter, the Administrative Code of the City of New York, and the Rules of the City of New York."
KA-01275,informational,311-46,City-Subsidized Project Living Wage Increase. Learn about an increase in the City's living wage for subsidized projects.
KA-01276,informational,311-78|311-107|311-109,Citywide Performance Reporting. Learn about reports and statistics related to City services.
KA-01277,informational,311-94,Commercial Lease Assistance. Get support and legal help for small businesses with commercial lease related issues.
KA-01280,informational,311-64,"Construction Site Sign Requirements. Learn about required signs for construction sites, demolition sites, and sidewalk sheds."
KA-01281,unclear,311-35,Court and Trust Fund Claim. Claim money from the Court and Trust Fund Account.
KA-01282,unclear,311-57|311-68,CPR and AED Training. Take a free class in Cardiopulmonary Resuscitation and Automated External Defibrillator.
KA-01283,submittable,311-80|311-81,Crosswalk Request. Request a new crosswalk on a street.
KA-01284,submittable,311-39|311-81,Purchase a Street Sign. Purchase a limited-edition commemorative New York City Street sign.
KA-01286,informational,311-94,Dental Amalgam Separator Registration. Register to install a dental amalgam separator.
KA-01287,informational,311-107|311-51|311-50,Department of Sanitation Public Outreach. Request for a Department of Sanitation speaker or participation in an event.
KA-01288,submittable,311-51,"Sanitation Sign Request. The City no longer accepts requests for No Dumping, Clean Up After Dog, and No Littering signs."
KA-01289,informational,311-64,Development or Zoning Challenge. Learn about how to challenge the approval of a construction project.
KA-01290,informational,311-64,Affordable Housing Development and Preservation Financing. Learn about low-cost financing options for new construction and rehabilitation of former publicly-owned buildings.
KA-01291,informational,311-39,Directory Assistance. Get the phone number or address of a specific person or business.
KA-01293,informational,311-25|311-35|311-68,Domestic Violence Offender Counseling. Find classes for an abuser court-ordered to get counseling.
KA-01294,submittable,311-63|311-95,Electrical Inspection. Schedule an inspection of work done by a licensed electrician.
KA-01295,informational,311-69,Emergency Notification. Learn about a program that sends messages about local emergencies to your phone.
KA-01296,informational,311-56,Enterovirus. Learn about the Enterovirus EV-D68 virus which can cause respiratory illness.
KA-01297,submittable,311-63|311-95,Scaffold Site Safety Inspection. Schedule an inspection of a scaffold site.
KA-01298,informational,311-96,Federal Contracts. Learn about federal contracts and business opportunities.
KA-01300,submittable,311-64,Fire Alarm Inspection. Schedule an inspection of a fire alarm.
KA-01301,informational,311-38|311-12|311-36|311-68,Fireworks Displays. Get a list of legal fireworks displays and their locations.
KA-01302,informational,311-33|311-58,Food Cart Inspection Report. Get a health inspection report for a mobile food vendor.
KA-01303,informational,311-50,"Trash, Recycling, and Compost Bins. Learn about trash, recycling, and compost bins and purchase official NYC Bins."
KA-01304,submittable,311-95,Gas Station Discharge Line Inspection. Schedule an inspection of a gas station discharge line.
KA-01306,informational,311-68,Cash for Guns Program. Learn about a program that offers cash to turn in a gun at any police precinct.
KA-01307,informational,311-68,Gun Laws. Learn about requirements for firearm licenses or permits for people traveling to New York.
KA-01308,submittable,311-95,Hazardous Material Inspection. Schedule an inspection of a hazardous materials storage container.
KA-01309,informational,311-45,Health Research Training Program. Learn about the Health Research Training Program (HRTP) internship program.
KA-01312,informational,311-57|311-36,Horseback Riding Trails. Learn about horseback riding trails run by the City.
KA-01313,submittable,311-56|311-20|311-59,"New York City Housing and Vacancy Survey (NYCHVS). The 2026 NYC Housing and Vacancy Survey (NYCHVS) for housing & neighborhood data, conducted by HPD and the University of Michigan."
KA-01316,informational,311-45,Job Training. Learn about job training programs for in-demand occupations.
KA-01317,informational,311-45,"Job Training Grants for Workers. Learn about Individual Training Grants that help pay for tuition, registration, testing, and books for in-demand training programs."
KA-01321,informational,311-33|311-94,Love Your Local Program. Learn about a program that helps small businesses.
KA-01323,submittable,311-57|311-29,Medical Alert Device for Older Adults. The City does not provide recommendations for medical alert devices.
KA-01325,informational,311-56,Mental Health Patient Not Following Treatment Plan. Get help for mental health patients not following their treatment plans.
KA-01326,informational,311-56|311-29,Mental Health Services for Older Adults. Learn about mental health services for people age 60 and older.
KA-01330,informational,311-36,Mobile Recreation Van. Learn about a program which provides recreation for public events hosting 50 or more children.
KA-01332,submittable,311-48|311-62|311-61|311-60,Neighbor Odor. The City does not accept complaints about body or cooking odor from a residence.
KA-01333,unclear,311-49|311-36|311-47,Newtown Creek. Information about Newtown Creek Nature Walk and Visitor Center.
KA-01334,informational,311-56,Middle East Respiratory Syndrome (MERS). Learn about novel coronavirus associated with living in or traveling to the Middle East.
KA-01336,informational,311-109,NYC311 Content API. Learn about the 311 Application Programming Interface (API).
KA-01337,unclear,311-60,"NYCHA Emergency Transfer. NYCHA Emergency Transfer information for victims of domestic violence, sexual abuse, or intimidation."
KA-01339,submittable,311-95,Open Flame Inspection. Schedule an inspection for an open flame permit.
KA-01340,unclear,311-50,Oxygen or Acetylene Tank Disposal. Learn how to get rid of an oxygen or acetylene tank.
KA-01341,informational,311-106,Panel for Educational Policy. Learn about public meetings to discuss education policy.
KA-01342,informational,311-104,PCBs in Schools. Learn about Polychlorinated Biphenyls (PCBs) in New York City public school buildings.
KA-01343,submittable,311-75|311-56,"Termination of Pregnancy Certificate Form. Request Department of Health forms to register terminations of pregnancy, for medical facilities only."
KA-01345,informational,311-63|311-95,"Private Sewer or Water Main Permit. Apply for a permit to install a private water main, sewer, or drain."
KA-01347,informational,311-50,Public Recycling. Learn about recycling in public spaces.
KA-01348,informational,311-66|311-58,Raccoon Roundworm Infection. Learn about raccoon roundworm infection and prevention.
KA-01349,informational,311-69|311-58,"Radiation. Learn about the health effects of radiation, how to detect it, and what to do during a radiological emergency."
KA-01350,informational,311-67|311-58,Rat Poison Sign. Learn about rat poison signs posted in neighborhoods.
KA-01351,informational,311-94,Restaurant Bathroom Rules. Learn about public bathroom requirements for restaurants. Report no toilets for customers in a restaurant required to provide toilet facilities.
KA-01352,informational,311-94,Restaurant CPR Rules. Learn about CPR and equipment requirements for restaurants.
KA-01354,submittable,311-113|311-81,Right Turn on Red in Staten Island. Request a Right Turn on Red sign at a specific intersection in Staten Island.
KA-01356,informational,311-104,"School Metal Detectors. Learn about random, unannounced metal detector screenings at public middle schools and high schools."
KA-01357,unclear,311-50,School Recycling Education. Get recycling materials and educational resources for K-12 schools.
KA-01359,informational,311-104,"School Rules and Policies. Get a copy of the Chancellor's Regulations, which cover a wide range of Department of Education policies."
KA-01360,informational,311-103|311-31,Service in Schools. Learn about service programs in New York City public schools.
KA-01361,informational,311-78|311-109,"Service Request Map. See Service Requests by location, category, complaint type, and date."
KA-01362,informational,311-33|311-94,Shut the Front Door. Learn about an education and outreach campaign for the law requiring certain businesses to close their doors when running air conditioning systems.
KA-01363,submittable,311-95,Sidewalk Cafe Heater Inspection. Schedule an inspection for a sidewalk cafe heater permit.
KA-01364,informational,311-62|311-80,Sidewalk Installation. Learn about installing a new sidewalk in locations where sidewalks have never been built.
KA-01365,submittable,311-80,Sidewalk Valve Cover Complaint. The City does not accept reports of missing or damaged sidewalk valve covers.
KA-01367,submittable,311-96,Snow Removal City Contracts. Request to bid on City contracts to provide snow removal services.
KA-01368,informational,311-113|311-81,Speed Limits. Learn about City and highway speed limits.
KA-01369,informational,311-33|311-62|311-61|311-60,Stop Unwanted Mail. Get help with reducing unwanted mail.
KA-01370,informational,311-38|311-81,Street Event Cleanup. Learn about rules for street event sponsors related to clean ups after an event.
KA-01371,submittable,311-113|311-81,Street Traffic Flow Change. Request to change the direction of traffic on a street.
KA-01372,informational,311-81,Street Works Manual. Access a manual that provides guidelines on better coordination of City street construction.
KA-01373,informational,311-50|311-33,Foam Ban. Learn about the City's foam ban and report an establishment using or selling single-use foam products.
KA-01374,informational,311-22|311-103,Summer Meals for Children. Learn about free breakfast and lunch for New York City children ages 18 and under.
KA-01375,informational,311-64,Swimming Pool Installation Rules. Learn about rules for installing a swimming pool.
KA-01376,informational,311-45|311-94,Taxi Medallion Sale. Learn about yellow taxi medallion sales.
KA-01377,informational,311-45,Technology Job Training. Learn about job training programs for in-demand occupations in the technology sector.
KA-01378,submittable,311-33,Telemarketing Texting Complaint. Report telemarketers soliciting through text messages.
KA-01380,informational,311-58,Community Mental Health Plan. Learn about the City's plan to expand and improve mental health care and services citywide.
KA-01382,informational,311-94,Tobacco or Electronic Cigarette Shop Registration. Learn about registering a tobacco or electronic shop with the Department of Health.
KA-01383,submittable,311-80|311-81,Traffic Median Pedestrian Fence Complaint. Report a problem with a pedestrian fence at a traffic median.
KA-01384,informational,311-113|311-81,Traffic Trends. Learn about or report traffic patterns or trends.
KA-01385,submittable,311-62|311-61|311-80,Tree Bed Care. Learn how to maintain City tree beds and keep them safe.
KA-01386,informational,311-62|311-36|311-61|311-80|311-81,Tree Stump. Learn about City tree stump removals.
KA-01387,unclear,311-68,Undocumented Immigrant New Yorkers. Reports of undocumented immigrants are outside the scope of New York City government.
KA-01388,informational,311-62|311-61,Vacant Lot Cleaning Bill. Learn about the invoice a lot owner gets when the Department of Sanitation cleans a lot.
KA-01389,informational,311-69|311-31,Volunteer in Emergencies. Help others prepare for and respond to emergencies.
KA-01390,informational,311-31,Volunteer in Homeless Shelters or Food Pantries. Help homeless shelters and food pantries serve people in need.
KA-01392,informational,311-31,Volunteering. Learn about volunteer opportunities throughout the City.
KA-01393,informational,311-63|311-95,Water Backflow Permit. Apply for a permit to install and use water backflow preventers.
KA-01394,informational,311-56,West Nile Virus. Learn about West Nile Virus.
KA-01395,informational,311-94,"Women Entrepreneurs NYC (WE NYC). Learn about a program that helps women start, operate, and grow their businesses."
KA-01396,informational,311-94,Working Horse Rules. Learn about the rules and restrictions for working horses.
KA-01397,submittable,311-36|311-80,Snow or Ice on Sidewalk. Report snow or ice on a sidewalk. Learn about snow shoveling rules for property owners.
KA-01398,informational,311-97,Bail. Find out an incarcerated person's bail or bond amount and learn how to make a payment.
KA-01399,informational,311-97|311-35|311-68,Find an Arrested Person. Find someone in police custody who has not been arraigned.
KA-01400,informational,311-97|311-35|311-68,Arrest Warrant. Get information about an arrest warrant issued by the New York City Police Department.
KA-01401,submittable,311-62|311-20|311-59,Foreclosure Prevention. Get referrals to free legal counseling and housing if you are a homeowner facing foreclosure.
KA-01402,unclear,311-62|311-58|311-61|311-60|311-47,"Drinking Water. Report cold or drinking water odor, taste, discoloration, or illness caused by drinking water. Get water quality and building water tank inspection info."
KA-01403,submittable,311-57|311-62|311-61|311-60|311-47,Lead in Drinking Water. Get a kit to test drinking water for high levels of lead and tips to reduce lead exposure.
KA-01404,submittable,311-80|311-81,Traffic or Bicycle Signal Complaint or Request. Report a problem with an existing traffic or bicycle signal. Request a new traffic or bicycle signal.
KA-01405,submittable,311-62|311-61|311-60|311-47,"No Water, Low Water Pressure, or Water Temperature Complaint. Report no water, water pressure, or temperature problems."
KA-01406,informational,311-53|311-46,"Poll Worker Assistance. Get help with pay checks, work assignments, and other issues."
KA-01407,informational,311-46,Worker Safety. Learn about worker safety or report worker health hazards.
KA-01408,informational,311-48,Outdoor Air Quality. Learn about Air Quality Action Day health advisories and current AQI. Get tips to reduce and protect yourself from air pollution.
KA-01409,informational,311-31,Become a Parks Mounted Auxiliary Officer. Volunteer as a Parks Mounted Auxiliary Officer.
KA-01410,informational,311-45,Become a Police Officer. Learn about getting a job with the NYPD.
KA-01411,informational,311-45,Become a School Safety Agent. Learn about getting a job as a school safety agent.
KA-01412,informational,311-45,Become an Auxiliary Police Officer. Volunteer as a Auxiliary Police Officer.
KA-01413,submittable,311-33|311-58,Cosmetics Complaint. Report a problem with cosmetics or makeup.
KA-01414,emergency,311-33|311-68,Counterfeit Item Sale. Call 911 to report stores or vendors that are selling counterfeit items.
KA-01415,submittable,311-33,Credit Card Complaint. Report a problem with a credit card company.
KA-01416,informational,311-37,Design Commission Photographs. Get a copy of a photograph of a City-owned building or monument.
KA-01418,submittable,311-33|311-56,Doctor Complaint. Make a complaint about a doctor.
KA-01419,informational,311-58|311-31,Donate Blood. Make an appointment to donate blood.
KA-01420,informational,311-56|311-31,Donate Organs or Tissue. Register to be an organ and tissue donor.
KA-01421,informational,311-106|311-31,Donate to Schools. Make a financial or in-kind contribution to benefit public schools.
KA-01422,informational,311-31,Donate to the Department for the Aging. Give money to support the Department for the Aging.
KA-01423,informational,311-31,Donate to the Homeless Trust Fund. Give money to help homeless people.
KA-01425,informational,311-68|311-31,Donate to the New York Police Department. Give money to support the New York Police Department.
KA-01426,informational,311-31,Donate to the Summer Youth Employment Program. Give money to a program that provides summer jobs to young people.
KA-01427,submittable,311-56|311-28|311-31,Assistive Technology and Devices for People with Disabilities. Learn more about assistive technology and devices for people with disabilities.
KA-01428,informational,311-57,"Drug Abuse Resistance Education (DARE). Learn about a program that teaches students about the consequences of drugs, alcohol, and violence."
KA-01429,informational,311-95,Dry Cleaning Permit. Apply for a permit to install and operate dry cleaning equipment.
KA-01430,informational,311-95,"Drying Oven Permit. Apply for a permit to install and operate a drying oven used to dry painted, lacquered, varnished, or other surface coated items."
KA-01431,informational,311-95,Dust Collector Permit. Apply for a permit to install and operate equipment that will make dust.
KA-01432,informational,311-64,Economic Development Corporation Construction Projects. Learn about capital infrastructure construction projects managed by the Economic Development Corporation (NYCEDC).
KA-01433,informational,311-64,E-Designation Approval Letter. Learn about the letter required to move forward on a Department of Buildings job on a tax lot that has an E-Designation.
KA-01434,informational,311-24|311-55|311-29,Elderly Pharmaceutical Insurance Coverage (EPIC) Program. Learn about a prescription drug plan for seniors age 65 and older.
KA-01435,informational,311-63|311-64|311-95,Electrician License. Apply for an electrician's license.
KA-01436,informational,311-94,Electronic Benefit Transfer (EBT) Card Reader Assistance for Retailers. Get technical assistance for a store's EBT card reader.
KA-01437,informational,311-64,Elevator or Escalator Code and Permit. Learn about elevator and escalator codes and permits.
KA-01438,submittable,311-64,Private Elevator or Escalator Inspector Complaint. Report a problem with a licensed private elevator or escalator inspector.
KA-01439,informational,311-39,Ellis Island. Get tourist information for Ellis Island.
KA-01440,informational,311-94,Emerging Business Enterprise Program. Learn about a program that certifies socially and economically disadvantaged business owners whose current net worth is less than one million dollars.
KA-01441,informational,311-39,Empire State Building. Learn about the Empire State Building in midtown Manhattan.
KA-01442,submittable,311-49,Environmental Assessment Statement Form. Get a form that helps the City evaluate the potential environmental impact of projects.
KA-01443,informational,311-94,"Environmental Business Assistance. Businesses can get help with meeting environmental regulations, including incentives for environmental compliance and green business development."
KA-01444,informational,311-49,Environmental Education. Learn about programs and get materials to help students understand environmental issues.
KA-01445,informational,311-49,Environmental Protection Agency Research Programs. Learn about Environmental Protection Agency (EPA) research programs.
KA-01446,unclear,311-56,Epilepsy. Get health Information and treatment referrals for adults and children with epilepsy.
KA-01447,informational,311-95,Exhaust System Permit. Apply for a permit to install equipment to remove air contaminants.
KA-01448,informational,311-94,Exporting and Importing Goods. Learn about exporting and importing goods.
KA-01450,informational,311-113,"E-ZPass. Learn about E-Zpass, which allows drivers to prepay tolls and get discounts, or paying Tolls by Mail."
KA-01451,informational,311-61|311-60,Fair Housing. Learn about the City's laws against housing discrimination and get resources to resolve disputes.
KA-01452,informational,311-45,Family Development Credential (FDC) Program. Learn about a program for social workers and supervisors who work with families.
KA-01453,informational,311-20|311-59|311-28,Family-Type Homes for Adults (FTHA). Learn about a program that provides supervised living for adults with mental or physical disabilities.
KA-01454,submittable,311-56,FDNY Ambulance Billing. Get information or make a complaint about an ambulance bill from the Fire Department Emergency Medical Services (EMS).
KA-01455,informational,311-94,"FDNY Certificate of Fitness. Get a certificate of fitness, which is required for certain hazardous occupations."
KA-01456,informational,311-68,FDNY Permit or Inspection. Apply for a permit or request an inspection for a business or high occupancy residential facility.
KA-01457,informational,311-94,Federal Employer ID Number (EIN). Apply for a federal employer identification number.
KA-01458,informational,311-83|311-94,Federal Tax for Businesses. Get federal tax information for businesses.
KA-01459,informational,311-69,FEMA Registration Number. Learn about Federal Emergency Management Agency (FEMA) ID numbers.
KA-01460,submittable,311-64,Department of Buildings Filing Representative Complaint. Report a problem with a filing representative registered with the Department of Buildings.
KA-01461,submittable,311-12|311-80|311-81,Film or Television Production Complaint. Report noise or other problems with a film or television production.
KA-01463,informational,311-37,Films Produced Last Year. Get a list of films produced in New York City in the previous year.
KA-01464,informational,311-64,"Fire Alarm and Suppression System Installation. Request a fire alarm, range hood suppression, or sprinkler or standpipe installation inspection."
KA-01465,submittable,311-68|311-80,Fire Alarm Box Complaint. Report a problem with a fire alarm box.
KA-01466,submittable,311-68,Fire Hazard. Report a potential fire hazard.
KA-01467,submittable,311-80,Fire Hydrant Flow Test. Request a fire hydrant flow test.
KA-01468,informational,311-77|311-68,Fire Incident and Investigation Records. Learn how to get a fire incident report or fire marshal investigation report.
KA-01471,informational,311-64,"Fire Safety Inspection. Schedule a safety inspection of a restaurant, public facility, area of assembly, or City Agency."
KA-01472,submittable,311-33,Fire Suppression Contractor Complaint. Make a complaint about a licensed fire suppression contractor.
KA-01473,informational,311-63|311-95,Fire Suppression Contractor License. Apply for a fire suppression contractor's license.
KA-01474,unclear,311-95,Flea Markets. Learn what licenses you need to sell at a flea market.
KA-01475,submittable,311-47,Floatable Trash in Waterway Boom or Net Containments. Report trash in a waterway. Learn about reducing floatables and other trash in waterways.
KA-01476,informational,311-57|311-62|311-61|311-68,Floor Varnish Safety. Learn about how to use floor finishing products safely.
KA-01477,informational,311-22|311-29,Food and Nutrition for Older Adults. Apply for free food for qualifying people age 60 and older.
KA-01478,submittable,311-33,Sales Tax Complaint. Report a merchant charging the wrong amount of sales tax.
KA-01479,submittable,311-33|311-62|311-61|311-60,Satellite Provider Complaint. Make a complaint about a satellite television provider.
KA-01482,submittable,311-22|311-103,School Food Complaint. Report a problem with public school meals.
KA-01483,submittable,311-57|311-103,"School Health Complaint. Report a problem with health instruction, medical care, or an unhealthy condition."
KA-01484,submittable,311-103,School Parent Leadership Complaint. Report a problem with a parent association or a specific member.
KA-01485,submittable,311-103,School Registration Complaint. Report a problem with getting a child enrolled or back into school.
KA-01486,submittable,311-104,School Sexual Misconduct. Report sexual misconduct in a New York City public school.
KA-01487,submittable,311-28|311-103,School Special Education Complaint. Report a problem with public school services for students with disabilities.
KA-01488,informational,311-43|311-84,School Tax Credit. Learn about a tax credit for residents who cannot be claimed as a dependent by another person.
KA-01489,submittable,311-103,"School Teaching and Learning Complaint. Report a problem with classroom learning, tutoring, or a specific educational program."
KA-01490,submittable,311-103,School Transfer Complaint. Report a problem with the school transfer process.
KA-01491,submittable,311-89|311-103,School Bus Complaint. Report a problem with a yellow school bus or bus driver.
KA-01492,informational,311-12|311-89,Second Avenue Subway Construction. Learn about Second Avenue Subway construction. You can also make a complaint.
KA-01493,informational,311-57,Secondhand Smoke. Learn about the health risks of secondhand smoke.
KA-01494,informational,311-61|311-68|311-60,HPD Section 8 Fraud. Report tenant or landlord fraud in the HPD Section 8 program.
KA-01495,informational,311-114,Seized Vehicle. Find a vehicle the police seized for drunk driving or other criminal activity.
KA-01496,informational,311-95,"Self Certification of Plumbing Inspection. Learn about plumber self-certification, inspections, and tests."
KA-01497,informational,311-69,"September 11th Victim Compensation. Learn about financial compensation for people with physical health problems from the terrorist attack on September 11, 2001."
KA-01498,informational,311-62|311-61|311-47,Septic Tank Cleaning. Learn about the requirements for cleaning a septic tank.
KA-01499,informational,311-28|311-66,Service Dogs. Learn about rules and licensing for service dogs who help people with disabilities.
KA-01500,informational,311-68,Sex Offender Registry. Check if a person is registered as a New York State Sex Offender.
KA-01501,informational,311-54,Traveling Abroad. Learn about rules and regulations for traveling abroad.
KA-01502,informational,311-60,NYCHA Borough Management Office. Get additional assistance if you are a New York City Housing Authority tenant.
KA-01503,submittable,311-33|311-56,Hospital or Clinic Complaint. Report a problem with a hospital or clinic in New York State.
KA-01504,submittable,311-64|311-50|311-62|311-61|311-80|311-60,"Trash, Recycling, or Compost Disposal Complaint. Report a building that doesn't follow trash, recycling, or compost disposal rules."
KA-01505,informational,311-62|311-61|311-80,Trees and Sidewalks Repair. Learn about free repair for qualifying City sidewalks that are severely damaged by curbside tree roots.
KA-01506,submittable,311-62|311-61|311-80,"Sidewalk Violation and Repair. Resolve a sidewalk violation, request an inspection, or learn about repairs."
KA-01507,informational,311-80|311-94,Fire Hydrant Commercial Use Permit. Learn about permit required to open or use a hydrant.
KA-01508,informational,311-68,Firehouses. Find the location of a firehouse.
KA-01509,submittable,311-62|311-61|311-60|311-47,"Water Leak in a Building. Report water leaking into an apartment, public area of a residential building, or basement. Learn how to prevent leaks."
KA-01510,submittable,311-62|311-61|311-60,"Sewer Backup. Property owners can report sewage water coming out of a toilet, sink drain, or bathtub drain."
KA-01511,submittable,311-12|311-81,"Street Plate Complaint. Report a steel street plate that is shifted, noisy, missing anti-skid material, or missing during excavation of a City street."
KA-01512,informational,311-62|311-61,"Lien Sale. Learn about tax liens placed on properties for unpaid property taxes, water and sewer bills, and other charges and how to avoid the lien sale."
KA-01513,emergency,311-68,Accident with Injury. Call 911 to report an accident in progress.
KA-01515,emergency,311-68,Assault. Call 911 to report any type of assault.
KA-01516,informational,311-64,Brownfields. Learn about brownfield cleanup and redevelopment.
KA-01517,informational,311-64,Building Demolition Rat Extermination Certificate. Get a certificate of adequate rat extermination for building demolitions.
KA-01518,emergency,311-50|311-68,Burning Garbage. Call 911 to report burning garbage either outdoors or in an illegal incinerator.
KA-01519,submittable,311-95,"Camp License and Operation. Get licensing and inspection information for a summer camp, day camp, or overnight camp for kids."
KA-01520,informational,311-108|311-53,Campaign Finance Disclosure. Get a database that tracks and provides the transition and inaugural activities of elected officials.
KA-01521,informational,311-56,Cancer. Learn about different types of cancer.
KA-01522,informational,311-89,Carpool or RideMatch. Learn about ridematching services and transportation alternatives.
KA-01524,submittable,311-33|311-68,Charity Fraud. Report a problem with a charity committing fraud.
KA-01525,submittable,311-94,Charity Registration. Apply to register a charity.
KA-01526,submittable,311-33,Check Cashing Business Complaint. Report a check cashing business.
KA-01527,informational,311-75|311-56,Child Dental Record. Get a Department of Health Dental Clinic record.
KA-01528,informational,311-25|311-56|311-28,"Children and Youth with Special Health Care Needs. Get referrals, insurance, and other resources for chronically ill or disabled people 21 or younger."
KA-01529,submittable,311-46,City Worker Financial Disclosure Report. Get financial information for City employees.
KA-01530,unclear,311-57,Clean Syringes. Get a referral for clean needle access.
KA-01531,informational,311-94,Commercial Range Hood Rules. Learn about the requirements for range hood systems in restaurant and cafeteria kitchens.
KA-01532,submittable,311-56,"Communicable Disease Information and Reporting for Health Care Providers. Report or get information on a communicable disease if you are a doctor, nurse, or other health care provider."
KA-01533,informational,311-25|311-26|311-29,"Community Action Program. Learn about community services for seniors, immigrants, youth, and families."
KA-01534,informational,311-69,Community Emergency Response Team (CERT) Program. Learn about training in disaster preparedness and basic response skills.
KA-01535,informational,311-94,"Conference Planning. Learn about planning conferences in New York City, for businesses and trade organizations."
KA-01536,informational,311-95,Cremation. Learn about cremation or apply for a permit to operate a crematorium.
KA-01537,emergency,311-68,"Criminal Mischief. Call 911 to report criminal mischief, vandalism, or criminal activity that has damaged property."
KA-01538,emergency,311-67|311-66|311-68,Dangerous Animal. Call 911 to report an animal causing a dangerous or hazardous condition.
KA-01539,submittable,311-57|311-68,Dating Violence Prevention. Request a workshop on preventing teen and young adult dating violence.
KA-01540,informational,311-68,Death Investigation. Investigate a death that took place in New York City.
KA-01541,informational,311-68,"Drones. Apply for an Unmanned Aircraft Permit, which is required to operate a drone within New York City. Report unpermitted or reckless drone use."
KA-01542,submittable,311-56|311-68,Emotionally Disturbed Person. Report someone who appears to be emotionally disturbed.
KA-01543,emergency,311-68,Fire Emergency. Call 911 to report a fire.
KA-01544,informational,311-33|311-58,Food or Medicine Recall. Learn about recalled food or medicine.
KA-01545,submittable,311-33,Foster Care Agency Complaint. Report a problem with a foster care agency.
KA-01546,informational,311-25|311-43,"Foster Child Assistance. Get help for a foster child with building a supportive network, leadership skills, and self-confidence."
KA-01548,emergency,311-48,Foul Odor from Unknown Source. Call 911 to report a smell that's coming from an unknown source.
KA-01549,informational,311-23,Funeral Financial Assistance. Request financial assistance for funeral expenses.
KA-01550,emergency,311-68,Gambling. Call 911 to report illegal gambling.
KA-01551,informational,311-104|311-68|311-103,Gang Resistance Education and Training (GREAT). Learn about a program designed to help reduce gang activity.
KA-01552,informational,311-44|311-43,Green Energy Training. Learn about training courses that teach how to make buildings more energy efficient.
KA-01553,informational,311-36,Green Thumb Garden Program. Learn about the City's gardening program.
KA-01554,informational,311-80|311-81,Greenstreets Program. Learn about the Greenstreets program.
KA-01555,informational,311-46|311-94,Grocery Store Sale Requirements. Learn about legal requirements and rights for grocery store owners and employees after the store is sold.
KA-01556,informational,311-66|311-68,"Guard Dog Registration. Register a trained guard dog or report loss, theft, or transfer of ownership."
KA-01557,emergency,311-68,Gunshot. Call 911 to report gunfire.
KA-01558,submittable,311-33|311-58,Gym or Health Spa Membership Complaint. Report a problem with a gym or health spa membership.
KA-01559,informational,311-56,"Hansen's Disease. Request testing and treatment for Hansen's Disease, also known as leprosy."
KA-01560,informational,311-94,HASA Broker Fee Assistance. Learn about the fee payment policy for brokers.
KA-01561,emergency,311-26|311-27|311-28|311-68,Hate Crime. Call 911 to report a hate crime.
KA-01562,submittable,311-94,Hazard Analysis Critical Control Point Plan. Learn whether your food establishment needs a Hazard Analysis Critical Control Point Plan and how to create one.
KA-01563,informational,311-25|311-102|311-40,"Head Start. Learn about Head Start, which provides activities and educational programs for children ages zero to five."
KA-01564,informational,311-58,Health Code Public Hearings. Learn about commenting on proposals to changes in the Health Code or attend public hearings.
KA-01565,informational,311-57|311-62|311-61|311-60,Healthy Homes. Learn about reducing health hazards at home.
KA-01566,submittable,311-21,"Homeless Shelter Resident Assistance. Get help for homeless people who is currently in the shelter system, including medical concerns."
KA-01568,submittable,311-33|311-68,Immigration Fraud. Report individuals or businesses that target and exploit immigrants through fraudulent schemes or scams.
KA-01569,informational,311-75|311-56,Immunization Record. Get a copy of an immunization record.
KA-01570,informational,311-28,Independent Living Centers. Learn about centers that offer services for people with disabilities.
KA-01571,submittable,311-44|311-76|311-98,Incarcerated Person Enrollment or Student Record. Request enrollment in school on Rikers Island or get copies of a former incarcerated person's student records.
KA-01572,submittable,311-33|311-62|311-61|311-60,Internet Service or Online Business Complaint. Report a problem with an online business or online service that wasn't delivered.
KA-01573,unclear,311-87|311-68,IRS Impersonation. Report someone impersonating an IRS employee.
KA-01574,informational,311-68,Juvenile Fire Setters Intervention. Learn about a program designed to identify at-risk children who have an unusual interest in fire.
KA-01576,emergency,311-68,Lewd Act. Call 911 to report a lewd act done in public or where others are forced to see it.
KA-01577,submittable,311-20|311-27,"LGBTQ Runaway and Homeless Youth Report. Request for the report by the Commission for Lesbian, Gay, Bisexual, Transgender and Questioning Youth."
KA-01578,informational,311-21|311-20|311-59|311-61,"HRA Rental Assistance Programs for Landlords. Get help with City rental assistance programs, including apartment registration, tenant disputes, and payment issues."
KA-01579,submittable,311-24|311-55,"Medicaid Complaint. Report an issue with Medicaid benefits, staff, or case management."
KA-01580,submittable,311-33|311-56,Medical Device Complaint. Report a problem with quality or danger of medical device or machine.
KA-01581,emergency,311-56|311-68,Medical Emergency. Call 911 to report any type of medical or health related emergency.
KA-01582,submittable,311-75|311-56|311-98,Medical Records for Currently or Formerly Incarcerated People. Get medical records for currently or formerly City jail incarcerated people.
KA-01583,informational,311-56|311-90,Medical Transportation for Medicaid Clients. Learn about transportation to medical appointments for people who have Medicaid.
KA-01584,informational,311-24|311-55|311-68,Medicare Fraud or Abuse. Report possible Medicare fraud.
KA-01585,informational,311-36,Metal Detector Permit. Apply for a permit to use a metal detector in specific parks and beaches in the City.
KA-01586,informational,311-69,Military Family Emergency Communication. Learn about communication to and from families of active military personnel.
KA-01587,submittable,311-95,Motion Picture Projectionist License. The City no longer requires a license to operate a motion picture projection machine.
KA-01589,informational,311-68,New York Police Department (NYPD). Learn about the New York Police Department.
KA-01590,informational,311-42|311-45,New York Police Department Youth Program. Learn about the Youth Police Academy.
KA-01591,emergency,311-12,"Noise from Large Party or Crowd. Call 911 to report a large, loud party that has potential for danger."
KA-01592,informational,311-94,New York City Tourism + Conventions Business Membership. Learn about the benefits of New York City Tourism + Conventions membership for businesses.
KA-01593,emergency,311-68,Offensive Sexual Material. Call 911 to report obscene sexual material displayed at a newsstand or other public location.
KA-01594,submittable,311-56|311-57,Opioid Overdose Prevention. Get information and referrals for preventing opiate overdose.
KA-01595,emergency,311-68,Organized Crime. Call 911 to report organized crime.
KA-01596,informational,311-23,Paycheck Plus Program. Learn about how to claim a bonus for filing your taxes if you participate in the Paycheck Plus program.
KA-01597,informational,311-62|311-67|311-58|311-61|311-60,Pesticide Application Without Notice. Report someone using a pesticide without warning occupants or neighbors in advance.
KA-01598,informational,311-95,Petting Zoo Permit. Apply for a permit to operate a petting zoo.
KA-01600,informational,311-57|311-67,Pigeon Droppings Health Effects. Learn about the potential health hazards of pigeon droppings and how to clean them up properly.
KA-01601,unclear,311-67,Pigeon Trapping or Netting. Report someone trapping pigeons without a permit.
KA-01602,submittable,311-68|311-94,Police Officer for Private Duty. Learn how to hire a police officer for private work.
KA-01603,emergency,311-68,Police Officer Impersonation. Call 911 to report someone impersonating a police officer.
KA-01605,unclear,311-56|311-69,Prescription Preparedness. Learn how to be prepared so you can get your medication during a disaster.
KA-01606,unclear,311-107,Press and Media Inquiries. Learn how to contact a City agency if you are a member of the press or media.
KA-01607,informational,311-100,Probation Restitution. Learn about the conditions and enforcement of a probationer's restitution.
KA-01608,informational,311-100,Probation Warrant Enforcement. Learn about warrants issued to probationers who don't appear in court to answer allegations that they have violated their probation.
KA-01609,emergency,311-68,Prostitution. Call 911 to report prostitution.
KA-01610,informational,311-61,Cash Assistance Rent Payment for Landlords. Learn about rent payments for landlords who rent to Cash Assistance clients.
KA-01611,submittable,311-23|311-68,"Cash Assistance, SNAP, or Medicaid Fraud. Report an individual or business committing welfare fraud."
KA-01613,emergency,311-107|311-108|311-68,"Public Official Threat. Call 911 to report someone threatening a public official, building, facility, or government employee."
KA-01614,informational,311-95,Radioactive Materials License. Apply for a license to use radioactive materials.
KA-01615,emergency,311-114|311-68,Reckless Driving. Call 911 to report reckless or dangerous driving in progress.
KA-01616,informational,311-60,Rent Security Deposits and Interest. Get help to recover a rent security deposit or interest.
KA-01617,informational,311-62|311-61|311-68,Residential Sprinkler System Test. Learn about sprinkler and standpipe system testing.
KA-01618,informational,311-89,Roosevelt Island Tramway. Learn about or report a problem with the Roosevelt Island Tramway.
KA-01619,submittable,311-21|311-20|311-59|311-27,Runaway or Homeless Youth Shelter and Support. Learn how young people can get shelter and services through Department of Youth and Community Development (DYCD). Submit a complaint or comment to DYCD.
KA-01620,unclear,311-57,Play Sure Kit. Get a case to carry items that can help you practice safe sex.
KA-01621,submittable,311-56|311-21|311-20|311-59|311-68,"Sexual Assault Victim Support. Request social services and emergency assistance for victims of rape, incest, and sexual assault."
KA-01623,informational,311-95,Small Animal Slaughterhouse License. Apply for a license to operate a small animal slaughterhouse.
KA-01624,submittable,311-64|311-68,"Social Club Safety Complaint. Report a problem with an obstructed or locked exit, overcrowding, lack of exits, or lack of alarms or sprinklers."
KA-01626,unclear,311-23|311-68,Social Security Fraud. Report Social Security fraud.
KA-01629,informational,311-94,Start an Adult Day Care. Learn how to start an adult day care program.
KA-01630,informational,311-94,Start an After School Program. Learn how to start and operate an after school program.
KA-01631,informational,311-39,Statue of Liberty. Learn about the Statue of Liberty.
KA-01632,emergency,311-114|311-68,Stolen Vehicle. Call 911 to report a stolen vehicle. You must be the owner of the vehicle to report it as stolen.
KA-01633,informational,311-81,Street Light Banner Permit. Apply for a permit required to hang a banner from a street light.
KA-01634,submittable,311-25|311-89,Subway Pass for Youth Organizations. Get free subway travel passes for non-profits and schools that provide youth services.
KA-01635,emergency,311-56|311-68,Suicide. Call 911 to report that someone is considering suicide or endangering themselves.
KA-01636,emergency,311-68,Suspicious Package. Call 911 to report a suspicious looking package.
KA-01637,emergency,311-114|311-68,Suspicious Vehicle. Call 911 to report a suspicious looking vehicle.
KA-01638,informational,311-57|311-36,Swimming Lesson. Learn about free swim programs at public pools.
KA-01641,unclear,311-33|311-68,Telemarketing Fraud. Report telemarketing fraud.
KA-01642,unclear,311-68,Terrorism. Report suspected terrorist activity.
KA-01643,emergency,311-68,Theft of Service. Call 911 to report someone using a service without paying for it.
KA-01644,unclear,311-56,Tourette Syndrome. Get health information and treatment referrals for adults and children with Tourette Syndrome.
KA-01645,informational,311-57,Toy Safety. Learn about toy safety and child injury prevention.
KA-01646,submittable,311-89,Transit Violation. Learn how to pay or dispute an MTA transit ticket.
KA-01647,unclear,311-94,Transitional Finance Authority Bond. Get information for general obligation bond investors.
KA-01648,unclear,311-62|311-61|311-68|311-60,Trauma Scene Cleanup. Learn how to clean up a trauma scene.
KA-01649,informational,311-39,United Nations General Assembly. Learn about the United Nations General Assembly.
KA-01650,informational,311-94,Volatile Organic Compound (VOC) Carpet Rules. Learn about rules for selling carpets with VOCs.
KA-01651,informational,311-24|311-55|311-31,Volunteer as a Medicare Counselor. Help other seniors learn about health insurance options.
KA-01652,informational,311-94,Volunteer Screening for Non-Profits. Learn about the Go Pass background check program for non-profits.
KA-01653,informational,311-45,WeCARE Services for Cash Assistance Clients. Get resources and services for Cash Assistance recipients with barriers to independence.
KA-01654,informational,311-95,Wholesale Foods Distributor License. Apply for a license to sell wholesale foods.
KA-01655,informational,311-95|311-67,"Wild Animal Exhibition Permit. Apply for a permit to exhibit exotic or wild animals for movies, commercial purposes, science, education, or display."
KA-01656,unclear,311-69,World Trade Center DNA Sample. Learn how family members of World Trade Center victims can provide DNA samples to help the City identify remains.
KA-01657,informational,311-42|311-103,"Adolescent Literacy Program. Learn about after school programs to improve reading, writing, and public speaking skills of 6th, 7th, and 8th graders."
KA-01658,submittable,311-56|311-57|311-27,Condoms and Safer Sex Products. Get free condoms and safer sex products or report an issue with NYC-brand condoms.
KA-01659,informational,311-56|311-27,HIV Prevention. Learn about medicines that can help prevent HIV.
KA-01660,unclear,311-56,"Emergency Contraception. Get Plan B, also known as the morning-after pill."
KA-01661,unclear,311-100,"Parole. Get parole information, report a parole violation, or make a complaint about a parole officer."
KA-01662,submittable,311-107,"City Agency or Worker Feedback. Give a complaint, compliment, or comment on the service provided by City Agencies and their employees."
KA-01663,informational,311-83|311-62|311-85|311-61|311-94,Taxpayer Advocate. Get help if you've been unable to resolve a tax or rent freeze issue with the Department of Finance through the normal process.
KA-01664,submittable,311-61|311-68|311-60,NYCHA Public Housing Section 8 Fraud. Report tenant or landlord fraud in public housing or the NYCHA Section 8 program.
KA-01665,informational,311-64|311-62|311-74|311-85|311-61,"Property Deed or Record. Search for or get copies of property ownership records, such as deeds and mortgages. Get copies of tax maps."
KA-01666,submittable,311-81,Highway Resurfacing Request. Report a segment of a New York City highway in need of paving.
KA-01667,submittable,311-81,Highway Fence Complaint. Report a problem with a fence on a highway.
KA-01669,submittable,311-12|311-81,"Manhole Cover Complaint. Report a missing, sunken, raised, damaged, noisy, or steaming manhole cover."
KA-01670,submittable,311-12|311-81,"Street Utility Hardware Complaint. Report a damaged, sunken, or noisy utility access cover on a street."
KA-01671,submittable,311-62|311-61|311-80,Sidewalk Repair Payment Plan. Request an agreement to pay in installments for sidewalk repairs made by the Department of Transportation.
KA-01672,submittable,311-51|311-81,"Litter on Highway. Report litter, debris, or garbage alongside or on the roadway of a highway."
KA-01673,submittable,311-51|311-80|311-81,Littering. Report a location that is the target of chronic littering.
KA-01674,informational,311-24|311-55,"Medicare. Learn about a health insurance program for seniors age 65 and over and people with disabilities. Get assistance with enrollment, coverage, and billing."
KA-01675,unclear,311-83|311-33|311-86|311-94,Sales Tax. Get information for consumers and businesses about sales tax.
KA-01676,unclear,311-87|311-68,"Tax Fraud. Report tax evasion or fraud involving sales, payroll, cigarette, or personal income sales tax."
KA-01677,informational,311-35,"Surrogate Court. Learn about the court that handles wills, estates, the property of people who have died, adoptions, and guardianships."
KA-01678,informational,311-35,"Family Court. Learn about Family Court, including locations and hours."
KA-01680,informational,311-62|311-85|311-61,Property Tax Bill Assistance. Get help with a property tax bill problem.
KA-01682,submittable,311-56|311-57|311-27,"988 Mental Health Support. Get free, confidential help with mental health or substance abuse issues, including crisis services and treatment referrals."
KA-01683,unclear,311-68,Gun Permit. Request or renew a firearms permit.
KA-01685,informational,311-31,Volunteer with Older Adults. Learn about volunteer opportunities with the Department for the Aging.
KA-01686,informational,311-31,"Volunteer with Young People. Help tutor, mentor, and coach young people."
KA-01687,informational,311-94|311-31,Volunteer Opportunities for Businesses. Learn about volunteer opportunities for businesses and their employees.
KA-01688,submittable,311-33,Business Complaint Against Another Business. Report a problem with a business only if you're a business.
KA-01689,informational,311-95,Car Repair Shop License. Apply for a car repair shop license.
KA-01690,submittable,311-33,"Cemetery Complaint. Report a problem with a cemetery, monument, or headstone."
KA-01692,submittable,311-43,Certificate of Residency. Get proof of residency for college students who are attending a two-year community college outside New York City.
KA-01693,unclear,311-64|311-109,City Map Change. Get an application for changes to the City map.
KA-01694,informational,311-95,Coffee Roaster Permit. Apply for a permit for the legal installation and operation of coffee roasters.
KA-01695,submittable,311-80|311-81,Con Edison Worksites. Submit questions about Con Edison worksites.
KA-01696,informational,311-63|311-95,Concrete Testing Laboratory License. Apply for a Concrete Testing Laboratory license.
KA-01697,informational,311-63,Construction Superintendent Registration. Register as a construction superintendent.
KA-01698,informational,311-95,Crematory Permit. Apply for a permit to operate a facility that cremates deceased bodies.
KA-01700,submittable,311-33,Dating Service Complaint. Report a problem with a dating service.
KA-01701,informational,311-62|311-61|311-60|311-47,Flood Zones. Learn about flood zone designations for specific properties.
KA-01702,unclear,311-25|311-22,"Food for Women, Infants, and Children (WIC). Get healthy food, including baby formula, through WIC for eligible pregnant women, mothers, and young children."
KA-01703,informational,311-95,Fruit and Vegetable License. Get a license to sell fresh or frozen fruit or vegetables.
KA-01704,submittable,311-95,Fuel Burning Equipment Permit. Get a required permit to install or rebuild fuel-burning equipment.
KA-01705,informational,311-64,Fuel Oil Tank Installation Permit. Get a permit to install a fuel oil tank.
KA-01706,informational,311-95,Games of Chance License. Learn about the games of chance license.
KA-01707,submittable,311-63,"General Contractor Registration. General contractors who build one-, two-, and three-family homes must register with the Department of Buildings (DOB) to obtain new building permits."
KA-01708,informational,311-95,Groundwater Discharge Permit. Apply for a permit required to discharge groundwater into the City's sewer system.
KA-01709,informational,311-94,"Grow a Small Business. Learn about FastTrac GrowthVenture, a program that helps business owners develop the skills needed to manage and grow their business."
KA-01711,informational,311-64,Hoisting and Rigging Permit. Apply for a permit for hoisting and rigging.
KA-01712,informational,311-63|311-95,Hoisting Machine Operator License. Apply for the license to operate a hoisting machine.
KA-01713,informational,311-95,Horse Racing License. Apply for required horse race licenses.
KA-01716,informational,311-70|311-26,Immigration or Naturalization Record. Get a record of immigration for the years between 1820 and 1982. Get a record of naturalization (citizenship) for the years between 1800 and 1959.
KA-01717,informational,311-95,Industrial Work or Air Pollution Control Equipment Permit or Certificate. Apply for a required permit for the legal installation or registration of air pollution control equipment.
KA-01718,informational,311-95,Industrial Waste Discharge Permit. Apply for a permit required to legally discharge industrial waste into public sewers.
KA-01719,submittable,311-33,Jeweler Complaint. Report a problem with a jeweler.
KA-01720,informational,311-45,Job Corps. Learn about the Federal Job Corps program.
KA-01721,submittable,311-45,"Job Placement and Training for NYCHA Residents. Request education, training, and job placement assistance if you're a NYCHA resident."
KA-01722,informational,311-64,Landmark Building Restoration Grant. Learn about funding to restore landmark buildings.
KA-01723,informational,311-64,Loft Law Application. Apply for a building to become an Interim Multiple Dwelling.
KA-01724,informational,311-64,Loft Law Enforcement. Learn about enforcement of the loft law.
KA-01725,informational,311-37|311-94,Made in New York Incentive Program. Learn about the Made in New York Incentive Program for film and television productions.
KA-01726,submittable,311-37|311-45,Made In New York Production Assistant Program. Get training for people who want to work full-time as a production assistant in New York City.
KA-01727,submittable,311-94,Material and Equipment Acceptance Application. Get an application for material and equipment acceptance.
KA-01729,informational,311-95,Motor Vehicle Inspection License. Apply for a license to inspect motor vehicles and related equipment.
KA-01730,informational,311-64,Municipal Water Finance Authority. Learn about the New York City Municipal Water Finance Authority.
KA-01731,informational,311-94,Neighborhood Challenge Innovation Grant. Learn about a competitive grant competition for New York City Community Based Development Organizations (CBDOs).
KA-01733,informational,311-38|311-36,"New York Mets. Learn about the New York Mets, including schedule and ticket information."
KA-01734,submittable,311-33,Department of State (DOS) Licensed Professional or Business Complaint. Report a problem with a New York State Department of State licensed professional or firm.
KA-01735,submittable,311-56|311-29,Nursing Home Complaint. Report a problem with a nursing home care.
KA-01736,informational,311-107|311-108|311-46,Oath of Office. Learn about filing an Oath of Office.
KA-01737,submittable,311-33,Oil Burning Equipment Installer Complaint. Report a problem with a licensed oil burning equipment installer.
KA-01738,submittable,311-33,Phone Card Complaint. Report a problem with a pre-paid phone card.
KA-01739,informational,311-63|311-95,Plumber License. Apply for a license to perform plumbing work.
KA-01740,informational,311-23,Pre-Qualified Certified Public Accountants. Get a list of CPAs who have been pre-qualified by the Comptroller's Office.
KA-01741,submittable,311-33|311-46,Prevailing Wage Complaint. Make a complaint to recover money if you were not paid the correct wages.
KA-01742,informational,311-63|311-95,Elevator or Escalator Inspection License. Apply for a license to be a private elevator inspection agency inspector or director.
KA-01743,informational,311-96,"APEX Accelerator. Get one-on-one assistance and training for people who are interested in local, state, and federal government contracts."
KA-01744,informational,311-96,Project Labor Agreement. Learn about government building and construction contracts that require contractors to follow certain hiring rules.
KA-01745,informational,311-45,Public Service Corps. Learn about internships for college and graduate students.
KA-01747,submittable,311-46,Unpaid Wage Recovery. Get help recovering money owed to you by an employer.
KA-01748,submittable,311-61,"Residential Building Owner Resources. Get financial and management advice, loan referrals, and other resources for residential building owners."
KA-01749,informational,311-94,"Retail and Restaurant Business Assistance. Get a one-on-one consultation to help open, operate, and expand a retail or restaurant business."
KA-01750,informational,311-63|311-95,Rigger License. Apply for a license to hoist materials and equipment.
KA-01751,informational,311-64,Rooftop Detention. Learn about rooftop systems that temporarily store and slowly drain rainwater off a building's rooftop.
KA-01752,informational,311-63|311-95,Sign Hanger License. Apply for a sign hanger license.
KA-01753,informational,311-63,"Site Safety Manager Certificate. Request a site safety manager certification, including insurance requirements and application procedures."
KA-01754,submittable,311-33,Site Safety Manager Complaint. Report a problem with a licensed construction site safety manager.
KA-01755,informational,311-94,Small Business Compliance Consultation. Request to get help complying with laws if you're a business.
KA-01756,informational,311-94,Small Business First. Learn about a program designed to reduce regulatory burdens on small businesses.
KA-01757,informational,311-95,Smelting Permit. Apply for a permit required for the installation of metal smelting machinery.
KA-01758,informational,311-95,Smoke Oven Permit. Apply for required permits for equipment used to make smoked food.
KA-01760,informational,311-43,State University of New York (SUNY). Learn about State University of New York (SUNY) colleges.
KA-01761,informational,311-63,Storefront Improvement Program. Learn about the Storefront Improvement Program for community groups that are pursuing storefront improvements in their commercial districts.
KA-01762,submittable,311-33,Sweepstakes Complaint. Report a problem with a sweepstakes.
KA-01763,informational,311-94|311-90,"Taxi Driver or Licensee Assistance. Help for taxi licensees, including owners, taxi drivers, and car service drivers."
KA-01764,unclear,311-90,Taxi Receipt Copy. Get a duplicate receipt for a yellow or green taxi ride.
KA-01765,informational,311-94,Trademarks and Patents. Learn about registering for trademarks and patents.
KA-01766,unclear,311-23,Unclaimed Funds. Learn if New York State owes you money.
KA-01767,informational,311-23|311-46,Unemployment Insurance. Learn about filing an unemployment insurance claim.
KA-01768,informational,311-64,Uniform Land Use Review Procedure Application. Learn about applications for the Uniform Land Use Review Procedure (ULURP).
KA-01769,informational,311-68,Coast Guard. Learn about the United States Coast Guard.
KA-01770,informational,311-45,Fellowship Programs. Learn about fellowship programs for recent college graduates.
KA-01771,informational,311-94|311-47,Wastewater Guidelines for Businesses. Learn about wastewater treatment rules for businesses.
KA-01772,informational,311-62|311-61,Water and Sewer Service Line Protection Program. Learn about American Water Resources (AWR) voluntary water and sewer service line protection program.
KA-01773,informational,311-62|311-61|311-60|311-47,Water Hardness. Learn about water hardness.
KA-01774,informational,311-33|311-68,Water Meter Inspector Check. Check that someone claiming to be a water meter inspector works for the Department of Environmental Protection (DEP).
KA-01775,unclear,311-62|311-61|311-60|311-47,"Water Saving Kit. Get items to help you conserve water at home including: low-flow showerheads, faucet aerators, toilet tank bank, and leak detector dye tablets."
KA-01776,unclear,311-47,Water Saving Tips. Learn how to conserve water.
KA-01777,submittable,311-33,Welder Complaint. Report a problem with a licensed welder.
KA-01778,informational,311-63|311-95,Welder License. Apply for a license to perform structural welding.
KA-01779,informational,311-94,Workers' Compensation for Businesses. Learn about workers' compensation resources for businesses.
KA-01780,submittable,311-46|311-68,Workers' Compensation Fraud. Report workers' compensation fraud.
KA-01781,informational,311-62|311-61|311-80,Snow Removal Resources for Community Organizations. Learn about resources and tools for community-based organizations interested in recruiting volunteers to assist their neighbors with snow removal.
KA-01782,informational,311-64,Boiler Inspection. Learn about the requirements for the Department of Building's (DOB) boiler inspections.
KA-01783,unclear,311-46|311-27|311-28|311-68|311-60,"Discrimination. Report discrimination in employment, housing, public accommodations, and by members of the public."
KA-01784,submittable,311-47,"Waterway Complaint. Report floating debris, oil, gasoline, sewage, or unusual color in a waterway."
KA-01785,submittable,311-109,Community Boards. Get locations and contact information for community boards.
KA-01786,informational,311-63|311-80,"Sidewalk Construction Permit. Apply for a permit to repair, install, or replace a sidewalk."
KA-01787,informational,311-50|311-94,"Waste Disposal for Businesses. Learn about trash, recycling, and organics rules for businesses, including any business operating in a residential building, and Commercial Waste Zones."
KA-01788,submittable,311-50,"Missed Trash, Recycling, or Compost Collection. Report waste that was not picked up on your collection day or at a scheduled appointment."
KA-01789,unclear,311-67|311-66,Injured or Sick Animal. Get help for an injured or sick animal.
KA-01790,informational,311-67,"Wild Animal. Get information about wildlife, including how to report wild animals or the removal of wildlife from a park."
KA-01792,submittable,311-50,"CFC and Freon Removal. Schedule an appointment for curbside disposal of appliances with chlorofluorocarbon gas, including refrigerators and air conditioners."
KA-01793,informational,311-62|311-67|311-61|311-60,"Bed Bug Prevention and Control. Learn about preventing and getting rid of bed bugs safely, including how to comply with a NYC Health Commissioner's Order."
KA-01794,informational,311-62|311-36|311-61|311-80,"Tree Pruning. Learn about tree pruning, request pruning of a City tree, or become a volunteer Citizen Pruner."
KA-01795,informational,311-64|311-62|311-29|311-28|311-85|311-61|311-30,"Property Tax Benefits for Homeowners. Learn about property tax exemptions, abatements, and credits for homeowners, including eligibility and types of benefit programs."
KA-01796,informational,311-45,Workforce1 Career Centers. Find a Workforce1 Career Center.
KA-01797,submittable,311-48|311-64|311-62|311-61|311-68|311-80|311-60,"Building Construction Complaint. Report building construction work in progress that is unsafe, done without a permit, after hours, or outside approved plans."
KA-01798,submittable,311-106|311-31,Donate to School Gardens. Make a financial or in-kind contribution to New York City public school garden initiatives.
KA-01800,submittable,311-50,"Wood Disposal. Learn how to get rid of treated wood debris, including lumber, particle board, plywood, and other wood composites."
KA-01801,submittable,311-50,"Trash, Recycling, and Compost Collection Schedule. Look up the trash, recycling, and compost collection days for a residential or non-profit address."
KA-01803,submittable,311-51|311-80,"Dirty Sidewalk. Report a sidewalk or gutter, including 18 inches into the street, that is not clean."
KA-01806,informational,311-63|311-95|311-47,Add Chemicals to Water Supply Permit. Apply for or renew a permit to add chemicals to a building's drinking water supply.
KA-01807,informational,311-95,Home Improvement Salesperson License. The City no longer requires a home improvement salesperson license.
KA-01808,informational,311-95,Home Improvement Contractor License. Apply for or renew a license to do construction or repair work at residences.
KA-01809,informational,311-95,Locksmith License. Apply for or renew a license to repair or install locks.
KA-01810,informational,311-95,Secondhand Dealer Auto License. Apply for or renew a license to buy and sell used cars.
KA-01811,informational,311-95,Bathing Beach Permit. Apply for or renew a permit to operate a bathing beach.
KA-01812,unclear,311-95,"Cabaret License. The City no longer requires a cabaret license for bars, clubs, taverns, and discos."
KA-01813,informational,311-95,Car Wash License. Apply for or renew a license to run a commercial car wash.
KA-01814,informational,311-95,Horse Drawn Cab License. Apply for or renew a license to own a horse drawn cab that is for hire to passengers.
KA-01815,informational,311-95,Catering Establishment License. The City no longer requires a license for places used to serve food or drinks for private events.
KA-01816,informational,311-95,Garage or Parking Lot License. Apply for or renew a license to store five or more vehicles for a fee.
KA-01817,informational,311-95,Prescription Formula Preparation Permit. Apply for or renew a permit to prepare prescription formula.
KA-01818,submittable,311-95,Temporary Street Fair Vendor Permit. Learn more about requirements for street vendors.
KA-01819,informational,311-95,Working Horse License. Apply for or renew a license for a working horse.
KA-01820,informational,311-95,Industrial Laundry Delivery License. Apply for or renew a license to transport laundry between commercial clients and industrial laundries.
KA-01822,informational,311-95,Therapeutic Radiation Equipment Permit. Apply for or renew a permit to operate a therapeutic medical linear accelerator (LINAC) or radiation therapy unit.
KA-01823,informational,311-95,"Pool, Sauna, Hot Tub, Steam Room, or Spray Ground Permit. Apply for or renew a permit to construct and operate a pool, sauna, hot tub, steam room, or spray ground."
KA-01824,informational,311-95,Radiation Equipment Permit. Apply for or renew a permit to install radiation equipment.
KA-01825,informational,311-95,Temporary Food Service Establishment Permit. Apply for a permit to serve food or drinks at a special event or street fair.
KA-01826,informational,311-95,Pet Grooming Permit. Apply for or renew a permit to groom pets.
KA-01827,informational,311-95,Pet Training Business Permit. Apply for or renew a permit to train pets.
KA-01828,informational,311-95,Newsstand License. Apply for or renew a license to sell newspapers and magazines from a stand on a public sidewalk.
KA-01829,informational,311-95,"Non-Retail Food Processing Establishment Permit. Apply for or renew a permit to process, prepare, store, or pack food not given or sold directly to customers."
KA-01830,informational,311-95,Food Cart Vendor Permit. Apply for or renew a permit to sell food from a pushcart or truck. Schedule a pre-permit inspection.
KA-01831,informational,311-95,Pet Kennel Permit. Apply for or renew a permit to provide pet boarding.
KA-01832,submittable,311-95,Pool or Billiard Room License. The City no longer requires a license to operate a pool or billiard room.
KA-01833,informational,311-95,General Vendor License. Apply for or renew a license to sell or lease goods or services in a public space that is not a store.
KA-01834,informational,311-95,Electronic Cigarette Retail Dealer License. Apply for or renew a license to sell electronic cigarettes.
KA-01835,unclear,311-95,Amusement Ride License or Permit. The City no longer requires a license for amusement devices.
KA-01837,informational,311-95,Booting Company License. Apply for or renew a license to put wheel locks on illegally parked cars.
KA-01838,informational,311-95,General Vendor Distributor License. Apply for or renew a license to drive goods to a public space so they can be sold to a general vendor.
KA-01839,informational,311-95,Horse Drawn Cab Driver License. Apply for or renew a license to drive a horse drawn cab that is for hire to passengers.
KA-01840,informational,311-95,"Tobacco Retail Dealer License. Apply for or renew a license to sell tobacco products, including cigarettes."
KA-01841,informational,311-95,Pawnbroker License. Apply for or renew a license to run a pawn shop.
KA-01843,unclear,311-95,"Special Sale License. The City no longer requires a license to hold a sale in connection with a stated purpose, such as a going-out-of-business sale."
KA-01844,submittable,311-95,Amusement Arcade License. The City no longer requires a license to operate an amusement arcade.
KA-01845,informational,311-95,"Scrap Metal Processor License. Apply for or renew a license to purchase, process, or ship scrap metal."
KA-01846,informational,311-95,Pathogens Permit. Apply for or renew a permit to have or grow living organisms that cause disease.
KA-01847,informational,311-95,Barber Shop Permit. Apply for or renew a permit to run a barber shop.
KA-01848,informational,311-95,"Dealer in Products for the Disabled License. Apply for or renew a license to sell, rent, repair, or adjust any instrument or device designed for the disabled."
KA-01849,informational,311-95,Horse Stable Permit. Apply for or renew a permit to run a horse stable.
KA-01850,informational,311-95,Frozen Dessert Manufacturer Permit. Apply for or renew a permit to use a frozen dessert machine.
KA-01854,unclear,311-95,Retail Laundry License. The City no longer requires a Retail Laundry License.
KA-01855,informational,311-95,Debt Collection Agency License. Apply for or renew a license to collect personal or household debts.
KA-01856,informational,311-95,Locksmith Apprentice License. Apply for or renew a license to train to be a locksmith.
KA-01857,informational,311-95,Tattoo License. Apply for or renew a license for a tattoo artist.
KA-01858,informational,311-95,Pedicab Business License. Apply for or renew a license for a business to operate pedicabs for hire to passengers.
KA-01859,informational,311-95,Pedicab Driver License. Apply for or renew a license to drive a pedicab for hire to passengers.
KA-01860,informational,311-95,Pet Store Permit. Apply for or renew a permit to sell pets.
KA-01861,informational,311-95,Storage Warehouse License. Apply for or renew a license to store goods for a fee.
KA-01862,informational,311-95,Electronic and Home Appliance Service Dealer License. Apply for or renew a license to repair electronic equipment or appliances.
KA-01863,informational,311-95,Secondhand Dealer General License. Apply for or renew a license to buy or sell used items.
KA-01864,unclear,311-95,Auctioneer License. The City no longer requires a license to sell goods by public auction.
KA-01865,informational,311-95,"Process Serving Agency License. Apply for or renew a license to assign, distribute, or deliver process to another for actual service."
KA-01866,informational,311-95,Stoop Line Stand License. Apply for or renew a license to sell items from a stand outside a store.
KA-01867,informational,311-95,Industrial Laundry License. Apply for or renew a license to give laundry services to commercial clients or if your laundry facility is maintained in a commercial establishment.
KA-01868,informational,311-95,Process Server Individual License. Apply for or renew a license to serve five or more processes in any one-year period.
KA-01869,informational,311-95,"Ticket Seller Business License. Apply for or renew a license for a business to sell, give, or transfer tickets to a person or company to vend in a public space."
KA-01870,informational,311-95,Ticket Seller Individual License. Apply for or renew a license to sell tickets in a public space.
KA-01871,informational,311-95,Sightseeing Bus License. Apply for or renew a license to drive a sightseeing vehicle that carries eight or more paying passengers.
KA-01872,informational,311-95,Sightseeing Guide License. Apply for or renew a license to guide or direct people to places of interest for a fee.
KA-01873,informational,311-95,Tow Truck Company License. Apply for or renew a license to tow vehicles for profit.
KA-01874,informational,311-95,Tow Truck Driver License. Apply for or renew a license to drive a tow truck.
KA-01875,informational,311-95,Employment Agency License. Apply for or renew a license to provide job assistance for a fee.
KA-01876,informational,311-95,"Electronics Store License. Apply for or renew a license to sell audio, video, photo, or computer equipment."
KA-01877,informational,311-95,Scale Dealer or Repairer License. Apply for or renew a license to sell or repair weighing or measuring devices.
KA-01878,informational,311-95,Food Establishment Permit. Apply for or renew a permit to run a restaurant or other eatery.
KA-01879,informational,311-95,Community Private Sewage Disposal System Permit. Apply for or renew a permit to construct or operate a private community sewage disposal system.
KA-01880,informational,311-95,Animal Shelter Permit. Apply for or renew a permit to run an animal shelter.
KA-01881,unclear,311-95,Gaming Cafe License. The City no longer requires a license to operate a gaming cafe.
KA-01882,informational,311-95,Bingo License. Apply for a license to host bingo games.
KA-01883,informational,311-95,Roof Tank Commercial Treatment Permit. Apply for or renew a permit to treat or clean a building water tank.
KA-01884,informational,311-95,Water Well Permit. Apply for or renew a permit to install or use water wells for residential or commercial purpose.
KA-01885,informational,311-37|311-31,Donate Art Supplies. Give materials or money to cultural organizations.
KA-01886,submittable,311-48,Indoor Air Quality. Report a problem with indoor air quality and learn how to improve air quality in your home.
KA-01888,unclear,311-56,Poison Control Center. Get help for poison-related issues.
KA-01889,submittable,311-94,Choking Poster. Get a poster for a restaurant or other food establishment with instructions to help a person who is choking.
KA-01890,informational,311-66,"Dog License. Apply for, renew, update, or replace a dog license."
KA-01891,submittable,311-33,Single Occupancy Bathroom Complaint. Report a missing sign saying a single-occupancy bathroom is for people of any gender.
KA-01892,informational,311-37|311-38|311-39|311-36,"Events. Learn about parades, festivals, exhibitions, public meetings, and workshops at City Agencies."
KA-01893,submittable,311-33,Store Air Conditioning Complaint. Report a store that leaves its doors or windows open when cooling systems are on.
KA-01895,informational,311-62|311-61|311-80|311-81|311-60,Tree Planting. Learn about the Neighborhood Tree Planting Program. Report a problem with the location or condition of a newly planted tree.
KA-01896,informational,311-62|311-61|311-80,"Tree Work Permit. Apply for a permit to add, prune, decorate, or remove a curbside tree at the property owner's expense."
KA-01897,informational,311-56,Health Care Provider Assistance. Get help if you're a doctor or health care professional.
KA-01900,submittable,311-64|311-29,Older Adult Center Complaint. Report a problem with an older adult center.
KA-01901,submittable,311-64,Vacant Building Complaint. Report an open vacant building.
KA-01902,submittable,311-64,Adult Establishment Zoning Complaint. Report an adult establishment that does not follow zoning regulations.
KA-01903,submittable,311-64,"Advertising Sign Complaint. Report a billboard, poster, or flexible fabric sign that does not follow permit regulations."
KA-01904,submittable,311-64,Sprinkler System Complaint. Report a problem with a broken sprinkler system in a 1 or 2 family home or commercial building.
KA-01905,informational,311-64|311-68,Unsafe Construction Material Storage. Report unsafe storage of flammable or explosive material at a construction site or in a building.
KA-01906,submittable,311-64|311-68,Unsafe New Building Structure. Report a new building under construction that is unsafe.
KA-01907,submittable,311-64,"Property Grade Change Complaint. Report improper or unapproved changes to a property's grade, slope, or ground level."
KA-01908,submittable,311-64,Air Conditioner in Danger of Falling. Report a window air conditioner that is in danger of falling.
KA-01910,submittable,311-64,"Department of Buildings Notice Defaced. Report a Department of Buildings notice that is defaced, unreadable, or missing."
KA-01911,informational,311-64,Stop Work Order. Learn about a Stop Work Order. Report work being done while an order is in effect.
KA-01912,informational,311-64,Excavation Undermining Nearby Building. Report building excavation that is undermining a nearby building.
KA-01913,submittable,311-64,"Gas Piping or Hookup Complaint. Report an improper, illegal, defective, or unpermitted gas piping or hookup."
KA-01914,submittable,311-64,Place of Assembly Without Permit Complaint. Report an establishment that does not have a Place of Assembly permit posted.
KA-01915,submittable,311-64,Plumbing Complaint in a Commercial Building. Report broken or leaking plumbing in a commercial building.
KA-01916,submittable,311-64|311-47,"Septic or Cesspool Complaint. Report a problem with a private, on-site sewage disposal system (septic or cesspool)."
KA-01917,submittable,311-64,Special Natural Area District (SNAD) Complaint. Report a tree removal or natural feature change in a Special Natural Area District (SNAD).
KA-01918,submittable,311-64|311-68,"Unstable Building. Report a building that is shaking, vibrating, leaning, unstable, or has a defective or cracked building exterior facade."
KA-01920,submittable,311-33|311-62|311-111|311-61|311-60,Commercial Vehicle Parked in Residential Driveway. Report a commercial vehicle parked in a residential driveway or lot.
KA-01921,submittable,311-33,Car Wash Complaint. Report a problem with a commercial car wash.
KA-01922,submittable,311-33,"Tobacco Product Sale Complaint. Report a problem with a store that sells tobacco products, including cigarettes."
KA-01923,submittable,311-33,Immigration Service Provider Complaint. Make a complaint about a business that provides immigration services.
KA-01924,submittable,311-33|311-56,Pregnancy Services Center Complaint. Report a pregnancy services center that does not disclose required information about the services it offers.
KA-01925,submittable,311-33,Scale Complaint. Make a complaint about a scale used by a business.
KA-01926,submittable,311-33|311-60,Residential Rental Agency Complaint. Report a problem with a residential rental agency.
KA-01927,submittable,311-33|311-38,Ticket Seller Complaint. Report a problem with a ticket price or seller.
KA-01928,submittable,311-48|311-33,Automobile Spray Paint Odor. Report spray paint odor or fumes from an automobile business or repair shop.
KA-01929,submittable,311-48|311-33,Nail Salon Odor. Report a smell coming from a nail salon.
KA-01930,submittable,311-48|311-33,Restaurant Odor. Report a smell coming from a restaurant or street food vendor.
KA-01931,submittable,311-48,Sweet Odor from Unknown Source. Report a sweet smell coming from an unknown source.
KA-01932,unclear,311-48|311-114,Vehicle Exhaust. Report visible exhaust from a vehicle.
KA-01933,submittable,311-12,"Noise from Air Conditioner or Ventilation Equipment. Report noise from an air conditioner, ventilation equipment, exhaust device, or battery energy storage system (BESS)."
KA-01934,submittable,311-12,Noise from Boat. Report noise from a boat.
KA-01935,submittable,311-12,Noise from Business Equipment. Report noise from business equipment.
KA-01937,submittable,311-80,Sidewalk Washing Complaint. Report someone washing a sidewalk outside of permitted hours.
KA-01938,submittable,311-64,Roof Tank Leak or Overflow. Report a leaking or overflowing roof tank.
KA-01939,submittable,311-80,Water Sampling Station Complaint. Report a defective water sampling station.
KA-01940,informational,311-83|311-94,"Payment in Lieu of Taxes (PILOT) Program. Learn about tax exempt financing for manufacturing, industrial, and not-for-profit corporations."
KA-01941,submittable,311-33|311-58,Bottled Water Complaint. Report a problem with plain bottled water.
KA-01942,submittable,311-33|311-58,"Restaurant Allergy Poster Complaint. Report a missing, incorrect, or improperly displayed food establishment allergy poster."
KA-01943,submittable,311-68,Radioactive Materials Complaint. Report radioactive material that is stored improperly or creating a risk of contamination.
KA-01944,submittable,311-33,Tattoo Parlor Complaint. Report a tattoo parlor or artist is unsanitary or unlicensed.
KA-01945,submittable,311-48|311-62|311-66|311-61|311-60,Animal Odor. Report animal odor from a residence.
KA-01946,submittable,311-33|311-56,X-Ray Machine Complaint. Report a problem with an X-ray machine.
KA-01947,submittable,311-60,"Essential Service Interruption Notice Not Posted. Report a residential building owner for not posting a notice before heat, water, gas, or electricity service is disrupted."
KA-01948,submittable,311-60,Housing Information Guide Notice Not Posted. Report a residential building owner for not posting a Housing Information Guide Notice.
KA-01950,submittable,311-36,"Unlocked Park or Playground. Report an unlocked park, playground, or park building."
KA-01952,submittable,311-68|311-81,Unsafe Highway Construction. Report a dangerous condition at a highway construction site.
KA-01953,informational,311-80,"Neighborhood Area Maps. Learn about Neighborhood Area Maps, also known as WalkNYC signs. Report a problem with a local neighborhood area map sign."
KA-01954,submittable,311-63|311-80,Sidewalk Cellar Door Application. Request permission to install a cellar door in a sidewalk.
KA-01955,submittable,311-80,"Sidewalk Collapsed. Report a sidewalk that collapsed, caved in, or fallen into a hole."
KA-01956,submittable,311-12|311-80,"Sidewalk Utility Hardware Complaint. Report a damaged, sunken, or noisy utility access cover on a sidewalk."
KA-01957,submittable,311-113,Truck Route Complaint. Report a truck on a roadway where truck traffic is not allowed.
KA-01958,submittable,311-58|311-68|311-80,Public Urination or Defecation. Report a person defecating or urinating in public.
KA-01959,submittable,311-98,Incarcerated Person Account. Learn how to deposit money into an Incarcerated Person Fund Account.
KA-01960,informational,311-98,"Incarcerated Person Location and Information. Learn about an incarcerated person's location, ID numbers, charges, court date, bail, mailing address, and release date."
KA-01961,informational,311-68,FDNY Violation. Learn about violations issued by the Fire Department and how to correct them.
KA-01963,informational,311-20|311-59|311-61|311-60,NYCHA Public Housing. Apply for NYCHA public housing or check application status.
KA-01964,informational,311-20|311-59,"HPD Section 8. Learn about the Department of Housing Preservation and Development (HPD) Section 8 Program, also known as the Housing Choice Voucher (HCV) program."
KA-01965,informational,311-23|311-20|311-59,Ready to Rent. Get help with affordable housing applications.
KA-01966,informational,311-20|311-59|311-60,"Affordable Housing. Learn about buying or renting an affordable apartment via Housing Connect, the housing plan, and a housing study."
KA-01967,informational,311-20|311-59,Mitchell-Lama Housing. Learn about renting or buying an apartment in a Mitchell-Lama building.
KA-01968,submittable,311-98,Incarcerated Person Item Delivery. Learn how to mail or bring items to an incarcerated person.
KA-01969,unclear,311-50,"Bulk Item Disposal. Learn how to get rid of large, bulky items."
KA-01971,submittable,311-98,Incarcerated Person Notification or Visit for Family Illness or Death. Request permission for an incarcerated person to attend a family emergency or notify an incarcerated person that a family member died or is seriously ill.
KA-01972,informational,311-95,Auction House License. The City no longer requires businesses to hold an Auction House license.
KA-01973,unclear,311-50,"Special Waste Disposal. Learn how to get rid of potentially harmful household or automotive products, such as batteries, oil, or paint. Learn about SAFE Disposal Events."
KA-01974,informational,311-61,HPD Section 8 for Property Owners. Get help for property owners who rent or want to rent to Section 8 clients.
KA-01975,informational,311-60,HPD Section 8 for Tenants. Get help for tenants already receiving Section 8 assistance from the Department of Housing Preservation and Development.
KA-01976,informational,311-64|311-61|311-60,HPD Section 8 Housing Quality Standards (HQS) Inspections. Learn about Housing Quality Inspections for HPD Section 8.
KA-01977,informational,311-83|311-94,Sales Tax Vendor Registration. Learn about registration for businesses that sell taxable tangible personal property or taxable services.
KA-01978,informational,311-58|311-94,"Tobacco Laws. Learn about laws for selling tobacco, e-cigarettes, and related products."
KA-01979,submittable,311-68,Alcohol Drinking Complaint. Report drinking outside or in an unlicensed establishment or social club.
KA-01980,submittable,311-80|311-81,Blocked Sidewalk or Street. Report a sidewalk or street blocked by an object or activity.
KA-01981,submittable,311-64,Building Sign Complaint. Report a problem with a building sign.
KA-01982,submittable,311-48|311-62|311-61|311-68|311-80|311-81|311-60,Chemical Complaint. Report chemical odors or chemicals that are abandoned or not stored safely.
KA-01983,unclear,311-62|311-61|311-68|311-80|311-60,Drug Sale. Report the sale of illegal drugs.
KA-01984,informational,311-60,"Essential Service Interruption Notice Rules. Learn about the notice that building owners must post when heat, water, gas, or electricity service is disrupted."
KA-01985,submittable,311-61|311-60,"Housing Rules for Owners and Tenants. Get rules, regulations, and the ABCs of Housing guide for owners and renters of apartments in New York City."
KA-01986,submittable,311-111|311-81|311-110,"Illegal Parking. Report a vehicle parked illegally on public property, a blocked hydrant, parking permit misuse, or overnight commercial parking on residential street."
KA-01987,submittable,311-33|311-35,"Lawyer Complaint. Make a complaint about a lawyer, including an unlicensed lawyer."
KA-01988,submittable,311-64,Plumbing Work Without Permit. Report plumbing work done without a permit.
KA-01989,submittable,311-33|311-68,"Sale to Minor Complaint. Report a store selling box cutters, etching acid, laser pointers, spray paint, tobacco products or electronic cigarettes to minors."
KA-01990,submittable,311-64|311-80,Tree Destruction. Report someone damaging or destroying City trees on a street or in a park.
KA-01991,submittable,311-62|311-111|311-61|311-60,Vehicle Stored on Residential Property or Vacant Lot. Report a vehicle stored on residential property or in a vacant lot.
KA-01992,submittable,311-64,Water Drainage Complaint. Report a problem with building or property drainpipe or drainage.
KA-01993,submittable,311-33|311-68,"Bar or Club Complaint. Report a bar or club that's selling alcohol to minors, overcrowded, or open after hours."
KA-01994,submittable,311-33,Arcade Complaint. Report a problem with an amusement arcade.
KA-01996,submittable,311-95,"Portable Amusement Ride Relocation Inspection. Schedule an inspection for a truck-mounted amusement ride when it relocates to another event, street fair, or block party."
KA-02001,informational,311-23,"Financial Counseling. Get free one-on-one professional financial advice about credit, debt, and money management."
KA-02002,informational,311-98,"Incarcerated Person Visit. Learn about visiting an incarcerated person, including visitor rules, visiting schedule, travel directions, and the Rikers Visit Bus."
KA-02006,submittable,311-62|311-36|311-61|311-80|311-81|311-60,Dead Tree. Request the removal of a standing dead or dying tree.
KA-02007,informational,311-50,Drop-Off Composting. Find a drop-off location near you to dispose of food and plant waste.
KA-02009,unclear,311-100,Adult Probation Supervision. Get information for and about adults placed on probation by the criminal and supreme courts in New York City.
KA-02012,submittable,311-64,Elevator or Escalator Inspection. Request an appointment online with an elevator or escalator inspector.
KA-02013,informational,311-50|311-62|311-61|311-60,Recycling Rules. Learn about materials that must be recycled and how to place them out for collection.
KA-02015,submittable,311-64|311-68,Elevator or Escalator Complaint. Report a problem with an elevator or escalator.
KA-02016,informational,311-35,Bankruptcy Court. Get information about the court that handles bankruptcy cases.
KA-02017,informational,311-64,Building Floor Plan. Get a copy of building floor plans.
KA-02018,submittable,311-64,Building Violation. Get status and general information about violations issued by the Department of Buildings.
KA-02019,informational,311-78|311-50|311-35|311-49|311-62|311-12|311-58|311-61|311-68|311-80,"City-Issued Summons Hearing. Learn about hearings for violations of quality of life laws, health code, or other City rules."
KA-02021,informational,311-95,"Tanning Establishment Permit. Learn about operating indoor tanning facilities, permits, license renewals, and ordering materials."
KA-02022,submittable,311-50|311-62|311-61|311-60,"Department of Sanitation Signs and Decals. Request or download Department of Sanitation materials, including decals for recycling and compost bins, brochures, flyers, and signs."
KA-02023,unclear,311-64,"Certificate of Occupancy and Letter of No Objection. Learn how to apply for a new Certificate of Occupancy, or request the letter DOB provides to confirm the legal use of a building constructed before 1938."
KA-02024,submittable,311-64|311-68,"Certificate of Occupancy Complaint. Report a building that has overcrowding, no legal Certificate of Occupancy, or an illegal change in building use that violates the Certificate."
KA-02025,submittable,311-64|311-33|311-68,"Building Conversion or Occupancy Complaint. Report past changes without DOB approval, including to a basement, room, space, apartment, or building. Report building use against occupancy or zoning."
KA-02026,informational,311-35,"Civil Court for Disputes Up to $50,000. Learn about the court that handles disputes between individuals or corporations when the amount of the claim is $50,000 or less."
KA-02027,informational,311-57,Community Health Program. Learn about the Neighborhood Health Action Centers that work with community groups to address health disparities.
KA-02028,informational,311-22,Greenmarkets and Farmers Markets. Find a greenmarket or farmers market and learn about available coupons.
KA-02030,informational,311-50,"Curbside Composting. Learn about the proper disposal of leaf and yard waste, food scraps, and food-soiled paper. Find a Compost Giveback Event near you."
KA-02031,informational,311-95,Composting Site Permit. Apply for a permit for a landscaper or tree service company to dispose of yard waste and buy compost.
KA-02032,informational,311-35,Divorce and Separation. Get help with divorce proceedings.
KA-02033,informational,311-81,Manhole Installation Permit. Learn about required permit for manhole installations.
KA-02034,informational,311-63|311-95,"Sewer Connection Permit. Learn about required permit to install, repair, plug, or unplug a sewer connection."
KA-02035,informational,311-63|311-95,Water Conservation Variance Permit. Learn about a permit to use water in a way that NYC law does not normally allow.
KA-02036,informational,311-35|311-110,Parking Ticket or Camera Violation Payment. Pay a parking ticket or camera violation.
KA-02037,informational,311-63|311-95,Water Fixtures Permit. Learn about required permit to install or remove water fixtures.
KA-02038,informational,311-63|311-95,"Water Meter Permit. Learn about required permit for removal, re-setting, or repair of water meters."
KA-02039,informational,311-63|311-80|311-81,Status of Active Street or Sidewalk Construction Permits. Get the status of an active street construction or sidewalk repair permit.
KA-02040,informational,311-63|311-81,Street Construction Permit. Apply for a permit to perform construction on a City street or to store construction material or containers on a street or sidewalk.
KA-02041,submittable,311-81,Street and Highway Construction Rules. Get a guide for contractors who perform construction on city streets and highways.
KA-02042,informational,311-33,Business Background Check. Find out about a business and if it has a history of complaints.
KA-02043,informational,311-64,Landmark Building Alteration Permit. Apply for a permit to repair and alter a landmark building or site.
KA-02045,submittable,311-56|311-27|311-29|311-28,"Older Adult-Kinship Caregiving Support. Get referrals for support and services for family or friends caring for an older adult, or for older adults caring for a person of any age."
KA-02046,unclear,311-114|311-68,Drag Racing. Report drag racing.
KA-02047,submittable,311-64|311-12,Boiler Complaint. Report a problem with a boiler.
KA-02048,emergency,311-64|311-62|311-61|311-68|311-60,Gas Leak. Call 911 to report a gas leak or any gas-related emergency or dangerous condition.
KA-02049,emergency,311-68,Sexual Assault. Call 911 to report sexual assault.
KA-02050,submittable,311-64,"Fence Complaint. Report a fence that is over the height limit, missing, or not secured."
KA-02051,unclear,311-33|311-58,Food Poisoning. Report illness caused by food.
KA-02052,submittable,311-111|311-114|311-110,"Disabled Vehicle. Report a disabled vehicle on a City street, limited access highway, bridge, or tunnel."
KA-02053,submittable,311-64,"Crane or Derrick Complaint. Report a crane or derrick operation that is unsafe or without a permit, license, or certificate."
KA-02054,unclear,311-111|311-81|311-110,Booted Vehicle. Learn what to do if your vehicle has been booted because of unpaid parking or camera violations.
KA-02055,informational,311-110,Towed Vehicle. Find a towed vehicle and get it back or stop a tow in progress.
KA-02056,informational,311-115|311-110,Department of Motor Vehicles (DMV). Learn about DMV services and office locations or make a complaint.
KA-02057,submittable,311-35|311-110,"Parking Ticket or Camera Violation Status. Look up information about your parking or camera violations and get payment, dispute, and appeal status."
KA-02058,unclear,311-35|311-110,Traffic Ticket. Learn how to pay or dispute non-criminal moving violations.
KA-02059,submittable,311-35|311-94|311-110,Parking Ticket or Camera Violation Programs for Businesses. Enroll in programs to help your business track and pay parking and camera violations.
KA-02060,submittable,311-68|311-80,"Street Con Game. Report a street con game, such as three card Monte."
KA-02061,submittable,311-110,Parking Ticket or Camera Violation Payment Plan. Request an agreement to pay in installments if you owe parking or camera violation judgment debt.
KA-02062,submittable,311-68|311-81,Squeegee Complaint. Report someone requesting money for unwanted car window washing.
KA-02063,informational,311-60,NYCHA Community Service Requirement. Get information about community service requirements for New York City Housing Authority residents.
KA-02064,unclear,311-25|311-56,"Nurses for Pregnant People and Teens. Request for a free nurse home visit or parenting education for a low-income, first-time pregnant person or teen."
KA-02065,submittable,311-92|311-36,Bike Share Feedback. Submit feedback about Citi Bike.
KA-02066,informational,311-25|311-56,Newborn Home Visit. Learn about free home visits by health professionals to newborns and their parents.
KA-02069,informational,311-37|311-36|311-89|311-80|311-94,"Musician or Performer Permit. Apply for a permit to perform in subways, streets, parks, and ferry terminals."
KA-02070,submittable,311-79|311-105|311-36|311-68|311-80|311-81|311-60,Graffiti. Report graffiti. Learn about what your options are when someone else reports graffiti on your building.
KA-02071,informational,311-38|311-36,Park Event Permit. Apply for a permit to hold an event in a City park or on a City beach.
KA-02072,submittable,311-35,Estate Administration. Get help administering an estate when there is no will.
KA-02073,informational,311-37|311-36|311-89|311-80|311-94,"Film, Video, or Photography Permit. Apply for a new film, video, or photography permit, or check the status of an existing permit."
KA-02075,informational,311-95,Refrigeration Equipment Permit. Apply for a permit to install refrigerator equipment.
KA-02076,informational,311-63|311-95,Water Tap Permit or Sewer Pipe Map. Apply for a permit to connect or close water taps or wet connections. Get a map of sewer pipes.
KA-02077,informational,311-36|311-94|311-47,"Watershed Recreation and Access Permit. Learn about and apply for required permits for boating, fishing, hunting and other recreational activities on upstate reservoir lands."
KA-02078,informational,311-50,Battery Recycling. Learn about how to dispose of batteries. Report a business selling rechargeable batteries that doesn't accept them for recycling.
KA-02079,unclear,311-100,Juvenile Probation Supervision. Get information for and about young people who have been placed on probation.
KA-02080,informational,311-50|311-33,Plastic Bag Recycling. Learn about or report a violation of the Plastic Bag Recycling Law.
KA-02081,informational,311-56|311-98,Mental Health Care for Formerly Incarcerated People. Learn about mental health services for people released from City jail.
KA-02083,submittable,311-98,Incarcerated Person Property Pickup. Learn how to pick up personal items or money at a Department of Corrections facility. Schedule a property pickup appointment for an incarcerated person.
KA-02084,informational,311-25|311-35|311-29|311-68,"Family Justice Centers. Learn about one-stop center where victims of domestic, intimate partner, and gender-based violence; elder abuse; or sex trafficking can get services."
KA-02085,informational,311-64,Boiler Permits and Registration. Learn about required boiler permits and registration.
KA-02086,informational,311-50,Residential Trash Rules. Learn about the proper disposal of household trash.
KA-02087,informational,311-35,"Jury Duty. Learn about City, State, and Federal jury duty."
KA-02088,informational,311-35|311-27|311-73,"Marriage Registration. Get a marriage registration certificate, the official documentation of a wedding."
KA-02089,unclear,311-35|311-29|311-68,Elder Abuse. Report suspected abuse or neglect of an older adult age 60 or older.
KA-02091,informational,311-60,"NYCHA Fees, Charges, and Parking. Learn about NYCHA fees and charges for parking, appliances, and repairs. Find information for NYCHA parking lot reserved space or missing vehicle."
KA-02092,informational,311-25|311-40|311-56|311-28,Developmentally Delayed Infant Services. Learn about early intervention services for children under 3 with developmental delays.
KA-02093,informational,311-25|311-24|311-55,"Health Insurance for Children. Learn about health and dental insurance for children under the age of 19, and services from the New York City Early Intervention Program."
KA-02094,informational,311-63|311-80,Scaffolding Permit. Apply for a permit to construct pipe scaffolding.
KA-02095,informational,311-63|311-80,Sidewalk Shed Permit. Apply for a permit to construct a sidewalk shed.
KA-02096,informational,311-64,Heating or Ventilation System Permit. Apply for a permit to install or alter a heating or ventilation system.
KA-02097,submittable,311-51|311-62|311-61|311-80|311-81|311-60,Illegal Dumping. Report past or chronic dumping on public property.
KA-02098,submittable,311-95,Place of Assembly Inspection. Schedule an inspection for a public assembly or temporary public assembly permit.
KA-02099,informational,311-64,Place of Assembly Permit. Apply for a permit for 75 or more people to gather indoors or 200 or more outdoors.
KA-02100,informational,311-64,Garage or Driveway Permit. Apply for a permit to construct or alter a garage or driveway.
KA-02101,informational,311-64,Building Permit Status. Check the status of a building work permit.
KA-02102,informational,311-64,Deck and Porch Permit. Apply for a permit to construct or alter a deck or porch.
KA-02103,informational,311-64,Excavation or Demolition Permit. Apply for a permit to demolish a building or excavate property.
KA-02104,informational,311-64,Building Construction or Alteration Permit. Apply for a permit to construct or alter a building.
KA-02105,informational,311-64,Cesspool Permit. Apply for a permit to construct a cesspool.
KA-02106,informational,311-64,Gas Appliance or Pipe Permit. Apply for a permit to install or alter a gas appliance or piping.
KA-02107,informational,311-64,Sprinkler System and Standpipe Permit. Apply for a permit to alter or construct a sprinkler system or standpipe.
KA-02108,informational,311-43,"City University of New York (CUNY). Learn about the City's public university system, including campus locations, academic programs, and financial aid."
KA-02109,informational,311-43,"CUNY Accelerated Study in Associate Programs (ASAP). Learn about the fast-track, cost-free degree program for low-income, graduating high school seniors and working adults."
KA-02110,informational,311-43,CUNY Prep. Learn about a program that helps 16 to 18 year olds graduate from high school or get a high school equivalency diploma and go on to college.
KA-02111,informational,311-44|311-43|311-26,"Adult Education. Find classes for adult learners, including GED or TASC exam preparation, ESL, vocational training, and continuing education courses."
KA-02112,informational,311-43,CUNY Start. Learn about a program for students who have been admitted to a CUNY college but are not ready for college-level work.
KA-02113,informational,311-43,CUNY and SUNY Free Tuition. Learn about the Excelsior scholarship for free tuition at the City University of New York (CUNY) or the State University of New York (SUNY).
KA-02114,informational,311-25|311-56|311-20|311-59|311-29|311-28,"NY Connects Long Term Care. Get information about choices for living at home or in a long term setting for seniors, and for children and adults with a disability."
KA-02115,informational,311-35|311-27|311-73,"Marriage License. Get a marriage license, which is required to get married in New York State."
KA-02116,informational,311-64,Baker's Oven Permit. Apply for a permit to construct or alter a baker's oven.
KA-02117,informational,311-63|311-80|311-81,Curb Cut Permit. Apply for a permit to create or modify a curb cut.
KA-02118,informational,311-64,Electrical Wiring Installation Permit. Apply for a permit to install electrical wiring or cables in a building.
KA-02119,informational,311-63|311-62|311-61,Home Improvement Permit. Learn what kind of building construction projects and alterations require permits.
KA-02120,informational,311-63,Fence Permit. Apply for a permit to build or install a fence.
KA-02121,informational,311-64|311-109,"City Planning and Zoning. Learn about New York City planning and zoning. Get City Planning publications, including maps and books."
KA-02122,submittable,311-64|311-105|311-29,Heat Complaint in a Commercial Building. Report a heat problem in a commercial or public school building.
KA-02124,informational,311-35|311-27,Marriage Ceremony. Learn about getting married at the City's Clerk Office.
KA-02125,submittable,311-12,Noise Complaints. Learn how to report noise in New York City.
KA-02126,submittable,311-48|311-12|311-47,"Wastewater Treatment Plant Complaint. Report noise or a bad smell from a wastewater treatment plant, sewage treatment plant, or pumping station."
KA-02127,informational,311-62|311-61|311-94,Planned Water Shutdowns. Get a list of scheduled water main shutdowns and water disruptions.
KA-02128,submittable,311-47,Dry Weather Sewage Discharge Complaint. Report water flowing through a sewer outfall pipe during dry weather.
KA-02129,unclear,311-62|311-61|311-60|311-47,Wasting Water. Report the use of too much water or water waste in any facility.
KA-02130,submittable,311-111|311-81|311-110,Abandoned Vehicle. Report an abandoned vehicle (including boats) on public property or request the removal of an abandoned vehicle with no license plates on private property.
KA-02131,submittable,311-112|311-33,Car Dealer Complaint. Make a complaint about a business selling new or used cars.
KA-02132,submittable,311-61|311-60,Window Guard Complaint. Report missing window guards or a landlord or tenant who refuses installation.
KA-02133,submittable,311-64|311-51|311-81,"Dirty Yard or Alley. Report an unclean or untidy yard, alley, or court that is visible from the street."
KA-02134,submittable,311-62|311-58|311-61|311-60,"Lead Paint. Report lead paint, peeling paint, or lead dust due to construction. The City will send an inspector where applicable."
KA-02135,submittable,311-50|311-33,Private Carter Complaint. Report a problem with a commercial waste disposal company.
KA-02136,submittable,311-33,Overcharge. Report a business charging more than the posted or advertised price.
KA-02137,submittable,311-62|311-61|311-60,"Water Meter Complaint. Report a water meter that is broken, leaking, frozen, missing, or stolen."
KA-02138,submittable,311-62|311-36|311-61|311-80|311-81|311-60,"Fallen Tree or Branch. Request the removal of a fallen tree or branch, cracked branches in danger of falling, or a tree in poor condition."
KA-02139,submittable,311-51|311-81,"Dumpster Complaint. Report a dumpster that is blocking a sidewalk or street, overflowing, or uncovered."
KA-02140,submittable,311-64|311-80,"Poster or Sticker Complaint. Report signs, stickers, or decals posted on public property."
KA-02141,submittable,311-64|311-51,"Dirty Gutter. Report a gutter, including 18 inches into the street, that is not clean."
KA-02142,submittable,311-33,Damaged or Defective Goods. Report the purchase or delivery of damaged or defective goods.
KA-02143,submittable,311-51,"Litter Basket Complaint or Request. Report a public trash can that is missing, overflowing, or being misused. Suggest a location for a new or replacement public litter basket."
KA-02144,submittable,311-35|311-115,Parking Ticket or Camera Violation Clearance. Learn what to do if your vehicle's registration has been suspended or put on hold because of unpaid parking or camera judgment debt.
KA-02145,submittable,311-81,"Highway Sign Complaint. Report a highway sign is blocked, damaged, dangling, missing, or inaccurate or an overhead electronic sign that is damaged or inaccurate."
KA-02146,submittable,311-33,Used Gun Dealer Complaint. Make a complaint about a business that buys or sells secondhand firearms.
KA-02147,submittable,311-33,"Used Goods Dealer Complaint. Make a complaint about a business that buys or sells used items, including catalytic converters."
KA-02148,submittable,311-33,Travel Agency Complaint. Make a complaint about a travel agency.
KA-02149,submittable,311-33|311-110,Tow Truck Complaint. Make a complaint about a tow truck driver or company.
KA-02150,submittable,311-33,Tour Bus Complaint. Make a complaint about a tour bus.
KA-02151,submittable,311-33|311-82,Tax Preparation Services Complaint. Make a complaint about someone offering tax preparation services.
KA-02152,submittable,311-33|311-80|311-81,"Street Vendor Complaint. Make a complaint about a vendor operating on City streets, sidewalks, or bridges."
KA-02153,submittable,311-33,Store Complaint. Report a store that uses deceptive practices or commits fraud or other consumer protection violations.
KA-02154,submittable,311-33,Storage Warehouse Complaint. Make a complaint about a business that stores goods for a fee.
KA-02157,submittable,311-33,"Scrap Metal Processor Complaint. Make a complaint about a business that processes, buys, or ships scrap metal."
KA-02158,submittable,311-33,"Scale Dealer or Repairer Complaint. Make a complaint about a business that trades, sells, or repairs weighing or measuring devices."
KA-02160,submittable,311-33,Public Auction Complaint. Make a complaint about a business or person selling merchandise by public auction.
KA-02161,submittable,311-33|311-35,Process Server Complaint. Make a complaint about a person or business that issues summonses or other court papers.
KA-02162,submittable,311-33,"Pool or Billiard Room Complaint. Make a complaint about a business with pool, billiards, or pocket billiards."
KA-02163,submittable,311-33,Cell Phone Purchase Complaint. Make a complaint about the purchase of a cell phone.
KA-02164,submittable,311-33,Pedicab Business or Driver Complaint. Make a complaint about a business or driver operating pedicabs.
KA-02165,submittable,311-33,Pawnbroker Complaint. Make a complaint about a business that sells pawned goods.
KA-02166,submittable,311-33,Newsstand Complaint. Make a complaint about a booth that sells newspapers and magazines.
KA-02167,submittable,311-33,Online or Mail Order Complaint. Report a problem with an online or mail-order business.
KA-02168,submittable,311-33|311-62|311-61|311-60,"Locksmith Complaint. Make a complaint about a person who repairs, installs, services, or inspects locks and similar devices."
KA-02169,submittable,311-33,Laundromat Complaint. Make a complaint about a self-service laundromat or a business that washes clothes.
KA-02171,submittable,311-33,Hotel Complaint. Report a contract or billing issue or undisclosed service disruption at a hotel.
KA-02172,submittable,311-33,Horse Drawn Cab Business Complaint. Make a complaint about a horse drawn carriage driver or business.
KA-02173,submittable,311-33|311-62|311-61,Home Improvement Contractor Complaint. Make a complaint about a home improvement contractor working on residential property.
KA-02174,submittable,311-33|311-62|311-61,"Home Heating Oil Company Complaint. Report a home heating oil business that imposes illegal credit terms, issues an improper contract or receipt, or shortchanges the amount of oil dispensed."
KA-02175,submittable,311-44|311-43|311-33|311-26,Higher Education Complaint. Make a complaint about a school of higher education.
KA-02176,submittable,311-112|311-33,Gas Station Complaint. Make a complaint about a gas station.
KA-02177,submittable,311-33|311-111,Private Garage or Parking Lot Complaint. Make a complaint about a privately-owned parking facility.
KA-02178,submittable,311-33,Gaming Cafe Complaint. Make a complaint about a business with three or more computers for playing games.
KA-02179,submittable,311-33,Furniture Store Complaint. Make a complaint about a furniture or mattress store.
KA-02180,submittable,311-33,Funeral Home Complaint. Report a problem with a funeral home.
KA-02183,submittable,311-33,Employment Agency Complaint. Make a complaint about an employment agency.
KA-02184,submittable,311-33,"Electronics Store Complaint. Make a complaint about a business that sells audio, video, photo, or computer equipment."
KA-02185,submittable,311-33,Electronics or Appliance Repair Complaint. Make a complaint about a business that repairs electronic equipment or appliances.
KA-02186,submittable,311-48|311-33,Dry Cleaner Complaint. Make a complaint about a dry cleaner.
KA-02187,submittable,311-33,Door-to-Door Sales Complaint. Make a complaint about a door-to-door salesperson.
KA-02188,submittable,311-33,Domestic Worker Employment Agency Complaint. Make a complaint about an employment agency that places domestic workers.
KA-02189,submittable,311-33,Debt Collection Agency Complaint. Make a complaint about a debt collection business.
KA-02190,submittable,311-33,"Dealer in Products for Disabilities Complaint. Make a complaint about a business that sells, rents, or repairs any product used to correct a disability."
KA-02191,submittable,311-33,Catering Establishment Complaint. Make a complaint about a rented space used to serve food or drinks for events.
KA-02192,submittable,311-33,Carpet and Flooring Business Complaint. Report a problem with a carpet or flooring business.
KA-02193,submittable,311-112|311-33,Car Rental Complaint. Make a complaint about a car rental agency.
KA-02194,submittable,311-33|311-111|311-110,Booting Company Complaint. Make a complaint about a business that places wheel locks on illegally parked cars.
KA-02195,submittable,311-33,"Games of Chance Complaint. Make a complaint about a business that hosts bingo, raffles, and other games of chance."
KA-02197,submittable,311-64|311-58,Asbestos Complaint. Report asbestos that is exposed or illegally removed.
KA-02198,submittable,311-81,Street Flooding. Report street flooding or ponding.
KA-02199,submittable,311-81,Blocked or Clogged Culvert. Report a drain underneath a road that is clogged or blocked.
KA-02200,submittable,311-81,Highway Flooding. Report a large amount of water on a highway.
KA-02201,submittable,311-48|311-33|311-62|311-61|311-80|311-60,Dry Cleaning Odor. Report a smell directly outside a dry cleaning business or coming into a nearby residential building or business.
KA-02202,submittable,311-51|311-80|311-81,"Dumping in Catch Basin. Report grease, gasoline, cement, oil, sewage, chemicals, or other liquids being dumped into a street sewer grate or catch basin."
KA-02203,submittable,311-33,"Exchange, Refund, or Return Complaint. Report a business that refuses an exchange, refund, or return or does not post its policy."
KA-02204,unclear,311-33,False Advertising. Report misleading or deceptive advertising.
KA-02205,submittable,311-33,Goods or Services Delivery Complaint. Report a business that fails to deliver goods or services.
KA-02206,submittable,311-33|311-58,Unlicensed Business. Report a business operating without a license.
KA-02207,submittable,311-33,Gender Pricing Complaint. Report a retail service establishment that charges men and women different prices for the same service.
KA-02208,submittable,311-33,Layaway Complaint. Report a business that does not provide the terms of a layaway plan.
KA-02209,submittable,311-33,Price Not Posted or Inaccurate. Report a business that doesn't post prices or posts inaccurate prices.
KA-02210,submittable,311-33|311-38,Public Event Seating Complaint. Report a ticket seller that does not provide seating information for an event.
KA-02211,submittable,311-33,Receipt Complaint. Report a business that gives an incorrect or illegal receipt.
KA-02214,submittable,311-33|311-68,Toy Gun Sale. Report a business that sells toy or fake guns that are not brightly colored.
KA-02215,submittable,311-68,Disorderly Person or Group. Report a disorderly person or group creating a dangerous condition.
KA-02217,informational,311-62|311-61|311-80|311-81,"NYC Parks Stewardship Program. Learn about how to volunteer to work on protecting, restoring and expanding New York City's green spaces."
KA-02218,submittable,311-92|311-62|311-61|311-80|311-60,Chained Bike. Report an unusable (derelict) chained bike or a bike chained to a tree on the street or in a park.
KA-02219,submittable,311-48|311-68,Chimney or Ventilation Smoke. Report dense or visible smoke from a chimney or ventilation system.
KA-02220,emergency,311-48|311-68,Smoke or Fumes. Call 911 to report smoke or fumes.
KA-02221,informational,311-92|311-36,Citi Bike. Learn about Citi Bike membership or report an equipment maintenance problem.
KA-02222,submittable,311-48|311-111,Idling Vehicle. Report a vehicle parked with its engine running for more than three minutes. Learn how to file a Citizen's Air Complaint.
KA-02223,submittable,311-33|311-68,"Alcohol Sale Complaint. Report the sale of alcohol to minors/intoxicated people, at more than half-off, to-go without food, outside of approved hours, or in unlicensed businesses."
KA-02224,submittable,311-67|311-66|311-68,Animal Abuse. Report abuse or neglect of an animal.
KA-02225,submittable,311-48|311-33|311-66,"Animal Facility Complaint. Report an unsanitary or unpermitted animal shelter, kennel, groomer, horse stable, boarding facility, petting zoo, or other animal facility."
KA-02226,submittable,311-80|311-81,Automatic Public Toilets. Get information or make a complaint about automatic public toilets.
KA-02227,submittable,311-64,"Awning, Canopy, Marquee, or Storm Enclosure Complaint. Make a complaint about an awning, canopy, marquee, or storm enclosure."
KA-02228,informational,311-62|311-36|311-61|311-94|311-60,"Barbecuing. Learn about the rules for commercial and residential barbecuing, find a place to barbecue in a park, or report barbecuing where it is not allowed."
KA-02229,submittable,311-36,"Beach Complaint. Report a problem with beach maintenance, water quality, or safety equipment."
KA-02230,submittable,311-62|311-67|311-61|311-60,Bees or Wasps Complaint. Make a complaint about bees or wasps.
KA-02231,informational,311-92|311-36,Bikes in Office Buildings. Learn about the Bike Access to Office Buildings Law which allows bikes in commercial office buildings. Report office buildings not following with the law.
KA-02232,submittable,311-92|311-36|311-68|311-80,"Biking, Rollerblading, or Skating Complaint. Report a problem caused by people biking, riding motorized scooters, rollerblading, skating, or using or storing ATVs."
KA-02233,submittable,311-64,Blocked Building Exit or Fire Escape. Report partially or fully blocked building exits or fire escapes.
KA-02234,submittable,311-36,Breaking Park Rules. Report a person or group breaking park rules.
KA-02235,submittable,311-80,Broken Sidewalk. Report a sidewalk condition that may cause a trip hazard. Learn about how to maintain or repair the sidewalk next to your property.
KA-02236,submittable,311-64,"Building Demolition Complaint. Report building demolition that is illegal, unsafe, or done without a permit."
KA-02237,informational,311-33|311-58|311-94,Calorie Posting. Learn about calorie posting requirements information for restaurants and mobile vendors. Report failed to display calorie information.
KA-02238,submittable,311-29,"Case Assistance and Management for Older Adults. Get benefit and entitlement counseling for people age 60 and older, or report a problem with a case assistance or case management agency."
KA-02239,submittable,311-62|311-61|311-80|311-81|311-60,"Chemical Spill. Report a spill of chemicals or other hazardous material onto a roadway, sidewalk, or indoors."
KA-02240,submittable,311-25|311-33,"Child Care Complaint. Make a complaint about a day care facility, child care provider, or after school program."
KA-02241,submittable,311-64,Construction Site No Smoking Sign Complaint. Report a construction site that does not have a No Smoking sign.
KA-02242,informational,311-63|311-62|311-61,Residential Construction Tax Benefit Programs. Learn about benefits for owners and developers who build or improve residential units or properties.
KA-02243,submittable,311-64,"Cooling Tower Complaint. Report a cooling tower that is unsanitary, malfunctioning, or has structural problems."
KA-02244,submittable,311-81,"Crash Barrier Complaint. Report a defective or missing crash cushion, guard rail, or concrete barrier."
KA-02245,submittable,311-62|311-36|311-67|311-66|311-61|311-80|311-81|311-60|311-47,"Dead Animal on Public Property. Report a dead animal in a public place, including sidewalks, highways, and parks."
KA-02246,informational,311-62|311-61|311-110,"Agency Charges Collected by the Department of Finance. Learn about the City and State agency charges, fees, and fines that appear on your property tax bill."
KA-02247,unclear,311-48|311-64|311-36|311-67|311-66|311-80|311-81,"Dog or Animal Waste. Report dog or animal waste in a park or on a street, sidewalk, or private property."
KA-02248,submittable,311-48|311-64|311-62|311-61|311-60,"Dust Complaint. Report dust from roadwork, construction, demolition, renovation, or another source."
KA-02249,submittable,311-38|311-12|311-36|311-68,"Fireworks Complaint. Report the sale, use, storage, or transport of illegal fireworks."
KA-02250,submittable,311-64|311-50|311-62|311-61|311-80|311-60,"Trash, Recycling, or Compost Storage Complaint. Report trash, recycling, or compost stored incorrectly on private property."
KA-02251,submittable,311-33|311-56|311-29|311-28,Home Care Complaint. Report a problem with home care services.
KA-02252,informational,311-22|311-29,"Home Delivered Meals for Older Adults. Schedule, cancel, or report a problem with home delivery of meals for people age 60 and older."
KA-02253,submittable,311-68,Homeless Encampment. Report a homeless encampment.
KA-02255,submittable,311-67|311-66|311-68,Illegal Animal. Report a person selling or keeping a wild or illegal animal as a pet.
KA-02256,submittable,311-60,Janitor or Super Not Available. Report a residential building's janitor or super who is not available.
KA-02257,submittable,311-64,Landmark Building Complaint. Report the alteration of landmark buildings without permission.
KA-02258,submittable,311-36,Lifeguard Complaint. Make a complaint about a lifeguard.
KA-02259,submittable,311-64|311-62|311-61|311-60,Light from Parking Lot Complaint. Report bright lights from a parking lot shining into an apartment or building. The City does not accept complaints about bright lights from residences.
KA-02260,informational,311-80,LinkNYC. Learn about LinkNYC or report a problem with a LinkNYC kiosk.
KA-02261,informational,311-111|311-86,Manhattan Resident Parking Tax Exemption. Learn about the tax exemption for Manhattan residents who rent long-term parking spaces.
KA-02262,submittable,311-62|311-58|311-61|311-60,"Mold Complaint. Report mold in an apartment, loft, commercial, or abandoned building."
KA-02263,informational,311-67,Mosquitoes. Learn about spraying schedules and preventing mosquitoes by getting rid of standing water. Report an unusual number of mosquitoes during Mosquito Season.
KA-02265,submittable,311-64|311-29,Naturally Occurring Retirement Community (NORC) Complaints. Make a complaint about social services provided in a Naturally Occurring Retirement Community (NORC).
KA-02266,submittable,311-80,Newspaper Box Complaint. Report a problem with a newsrack.
KA-02267,submittable,311-12,Noise from Helicopter. Report noise from a helicopter.
KA-02268,submittable,311-64,Non-Residential Building Maintenance Complaint. Report a maintenance problem in a commercial or non-residential building.
KA-02270,submittable,311-62|311-61|311-80|311-81|311-60,"Oil Spill. Report an automotive, heating, or industrial oil spill on a street or in a facility, apartment building, or private home."
KA-02271,submittable,311-36|311-80|311-81,Overgrown Grass or Weeds. Report overgrown grass or weeds on public property.
KA-02272,unclear,311-68|311-80,Panhandling. Report panhandling.
KA-02275,submittable,311-35|311-110,Parking Ticket or Camera Violation Dispute. Fight a parking ticket or camera violation.
KA-02276,submittable,311-80,Pedestrian Ramp Complaint. Report a damaged pedestrian ramp.
KA-02277,submittable,311-80,Pedestrian Ramp Request. Request the installation of a new pedestrian ramp.
KA-02278,submittable,311-62|311-67|311-61|311-60,"Residential Pest Complaint. Report mice, bed bugs, fleas, flies, or roaches in an apartment or in a public area of a residential building."
KA-02279,submittable,311-33|311-66,Pet Sale Complaint. Report the sale of pets.
KA-02280,submittable,311-48|311-66,Pigeon Droppings or Odor. Report unsanitary conditions caused by pigeons.
KA-02281,unclear,311-64|311-105|311-36,"Poison Ivy. Report poison ivy in a park or tree, on school property, or on private property."
KA-02282,submittable,311-64|311-33|311-36,"Pool or Sauna Complaint. Make a complaint about pool or sauna maintenance, water quality, safety equipment, or unpermitted pool use."
KA-02283,submittable,311-64|311-33|311-62|311-61|311-60,Power Outage. Report a power outage or blackout to a utility company. File a ConEd claim for food or medicine spoiled during a power outage.
KA-02284,informational,311-62|311-85|311-61,"Property Tax Exemption for Government-Owned Properties. Learn about real estate tax exemptions for City, State, Federal, and foreign government-owned properties in New York City."
KA-02285,informational,311-83|311-85|311-94|311-31,"Property Tax Exemption for Non-Profits. Apply for or renew property tax benefits for properties used for charitable, educational, medical, or religious purposes."
KA-02286,informational,311-62|311-85|311-61,Co-Op and Condo Property Tax Abatement. Apply for or renew an abatement to reduce property taxes for co-op and condo units.
KA-02287,informational,311-64|311-62|311-74|311-85|311-61,"Real Property Income and Expense (RPIE). Learn how to file the Real Property Income and Expense Statement for income-producing properties, including utilities."
KA-02288,informational,311-85|311-61,Rent Freeze Program for Landlords. Get help for landlords with the Senior Citizen Rent Increase Exemption (SCRIE) and Disabled Rent Increase Exemption (DRIE) programs.
KA-02289,informational,311-20|311-29|311-85|311-60,Rent Freeze Program for Seniors. Apply for rental assistance for people age 62 and older living in rent-regulated apartments. Also known as SCRIE.
KA-02290,informational,311-20|311-28|311-85|311-60,Rent Freeze Program for Tenants with Disabilities. Apply for rental assistance for people with disabilities living in rent-regulated apartments. Also known as DRIE.
KA-02291,submittable,311-64|311-80,"Scaffold or Sidewalk Shed Complaint. Report a problem with a pipe scaffold, suspended or hanging scaffold, or sidewalk shed."
KA-02292,submittable,311-80,"Sidewalk Cellar Door Complaint. Report sidewalk cellar door that is open and unprotected, damaged, bent, broken, or wobbly."
KA-02293,submittable,311-80,Sidewalk Grating Complaint. Report a missing or defective metal sidewalk grating.
KA-02294,submittable,311-80,Sidewalk Staircase Complaint. Report a problem on a sidewalk stairway that connects two different street levels.
KA-02295,submittable,311-64|311-33|311-62|311-36|311-58|311-61|311-60,Smoking or Vaping Complaint. Report illegal tobacco or marijuana smoking or vaping.
KA-02296,submittable,311-81,Snow or Ice on Street or Highway. Report an icy or snowy roadway and learn about snow clearing operations.
KA-02297,submittable,311-33|311-58,Sodium Warning Complaint. Report a chain restaurant that does not post warnings about sodium content.
KA-02298,informational,311-64|311-47,Standing Water. Report standing water outdoors during Mosquito Season.
KA-02299,submittable,311-91,Staten Island Ferry. Get information or make a complaint about the Staten Island Ferry.
KA-02300,submittable,311-66,Stray or Abandoned Animal. Report a stray or abandoned animal.
KA-02302,submittable,311-33,Tanning Establishment Complaint. Make a complaint about a business that provides tanning machines for use.
KA-02303,informational,311-33|311-82,Tax Preparation. Learn about free tax filing options for eligible New Yorkers.
KA-02304,submittable,311-38|311-68,Ticket Scalping. Report an illegal ticket sale.
KA-02305,informational,311-79|311-113|311-114|311-81,"Traffic Condition. Learn about traffic and travel conditions in the NY metro area. Report a non-emergency traffic condition, such as congestion or chronic speeding."
KA-02307,informational,311-29|311-89|311-90,Transportation for Older Adults. Learn about transportation options for people age 60 and older. Make a complaint about a senior transportation provider.
KA-02308,submittable,311-62|311-61|311-68|311-60,"Trespassing. Report trespassing, which is entering someone's property without permission."
KA-02309,unclear,311-33|311-62|311-61|311-60,"Unlicensed Contractor. Report work done by an unlicensed plumber, electrician, or contractor."
KA-02311,submittable,311-62|311-111|311-61|311-60,"Unwanted Ad or Menu. Report an individual distributing flyers or posting signs on public or private property, including vehicles and construction sites."
KA-02312,informational,311-62|311-61|311-60,Vacate Order. Get information about vacate orders. Report people in a building with a vacate order.
KA-02313,submittable,311-48|311-62|311-61|311-80|311-60,"Ventilation or Exhaust System Complaint. Report inadequate ventilation inside a building or a ventilation or exhaust system that is illegal, installed improperly, or has an odor."
KA-02314,submittable,311-64,"Wall Complaint. Report a stand-alone or retaining wall that is bulging, cracked, defective, or inadequate."
KA-02315,submittable,311-48|311-80|311-81,Catch Basin or Sewer Odor. Report a smell coming from a catch basin or sewer.
KA-02316,informational,311-95|311-94,Beekeeping. Learn about keeping honeybees in New York City.
KA-02317,submittable,311-64|311-33|311-68,"Housing Used for Short-Term Rental (Vacation Rentals or Illegal Home-Sharing). Report a location that is being used as a hotel, for vacation rentals, or for rentals of fewer than 30 days."
KA-02319,informational,311-115,"Vehicle Registration or License Plate. Learn about vehicle registrations, titles, license plates, and inspections."
KA-02320,submittable,311-35|311-110,Parking Ticket or Camera Violation Appeal. Appeal a parking or camera violation hearing decision if you were found guilty.
KA-02321,informational,311-93|311-64|311-28,Access City Agencies as a Person with a Disability. Learn how people with disabilities can get help with accessing City programs and services.
KA-02322,informational,311-77|311-68,Police Report. Get a copy of a police report for a crime or lost property.
KA-02323,submittable,311-35|311-94|311-110,Parking Ticket or Camera Violation Dispute for Businesses. Fight parking tickets or camera violations issued to commercial vehicle owners or operators.
KA-02324,informational,311-35|311-114|311-81|311-110,Speed Cameras. Learn about cameras that photograph vehicles speeding in school zones.
KA-02325,informational,311-35|311-114|311-81|311-110,"Bus Lane and MTA Bus Cameras. Learn about cameras that film vehicles driving, parking, or standing in bus lanes, standing or stopping in a bus stop, and double parking."
KA-02326,informational,311-35|311-114|311-81|311-110,Red Light Cameras. Learn about cameras that photograph vehicles running a red light or report a broken or malfunctioning camera.
KA-02328,submittable,311-64|311-33,Electrician or Plumber Complaint. Make a complaint about a licensed plumber or electrician.
KA-02329,informational,311-62|311-61|311-81,Broken Sewer Line. Learn about damaged sewer service line repair.
KA-02332,submittable,311-81,Street Sweeping Complaint. Report missed or inadequate street cleaning.
KA-02333,informational,311-62|311-85|311-61|311-94,"Personal Property Tax Exemption Appeals. Appeal the denial, removal, or reduction of a property tax exemption."
KA-02335,submittable,311-51|311-81,Garbage Truck Spill. Report waste leaking or spilling from a garbage truck or trash that spilled onto the ground while being loaded into a truck.
KA-02336,submittable,311-48|311-50|311-47,Solid Waste Transfer Station Complaint. Report a condition at a private solid waste transfer station.
KA-02337,informational,311-42|311-37|311-25|311-33|311-36,"Camp. Learn about summer camps, day camps, and overnight camps. Report a problem with a camp."
KA-02339,submittable,311-95|311-94,"Child Care Permit and Operation. Learn more about day care center licensing, operation, and conditions."
KA-02340,informational,311-23|311-22,"EBT Card Assistance. Get help with your EBT card, including replacing lost or stolen cards, getting card balance and account history, and updating PINs."
KA-02341,submittable,311-35|311-81|311-110,Speed Camera Complaint. Report a damaged or defective speed camera.
KA-02342,submittable,311-35|311-81|311-110,Bus Lane Camera Complaint. Report a damaged or defective bus lane camera.
KA-02343,submittable,311-114|311-81|311-110,Red Light Camera Complaint. Report a damaged or defective red light camera.
KA-02344,informational,311-20|311-29|311-28|311-85|311-60,"Rent Freeze Program Assistance. Get help with SCRIE or DRIE, including appeals, transfers, and rent and account updates."
KA-02345,informational,311-35|311-110,"Parking Ticket or Camera Violation Copy. Get a copy of a parking ticket or bus lane, red light, or speed camera Notice of Liability (NOL)."
KA-02346,informational,311-61|311-60,Rent Regulated Apartments. Recorded information about rent controlled and stabilized apartments for tenants and landlords.
KA-02347,informational,311-20|311-29|311-28|311-85|311-61|311-60,Rent Freeze Program Renewal. Renew the Senior Citizen Rent Increase Exemption (SCRIE) or Disability Rent Increase Exemption (DRIE).
KA-02348,informational,311-35|311-110,"Parking Ticket or Camera Violation Assistance. Get help with a parking or camera violation payment, dispute, or status."
KA-02349,submittable,311-67|311-66|311-58|311-68,"Rabid Animal. Report an animal that may have rabies, dead or alive."
KA-02350,unclear,311-62,Raccoon Control. Learn how to humanely keep raccoons off your property and about the City's efforts to vaccinate them against rabies.
KA-02351,informational,311-63,"Building Plan Exam. Information on how to schedule a plan examination appointment, register as a plan examiner, or request consultation."
KA-02352,submittable,311-93|311-28,Access-A-Ride. Get information or make a complaint about paratransit transportation for people with disabilities.
KA-02353,informational,311-29,Older Adult Centers. Find older adult centers (also known as senior centers) with programs and services for New Yorkers ages 60 and older.
KA-02355,informational,311-92|311-36|311-80,"Sheltered Bike Parking. Find free, sheltered bike parking."
KA-02356,submittable,311-51|311-81,Trash or Debris in Street. Report a stray trash bag or loose debris in the driving or biking lane of a City street.
KA-02363,submittable,311-107|311-51|311-50,Department of Sanitation Worker or Vehicle Complaint. Report a problem with a Department of Sanitation employee's behavior or operation of a Sanitation vehicle.
KA-02376,informational,311-91|311-45|311-89,"NYC Ferry. Get information about NYC Ferry, including routes, fares, and rules. Make a complaint or report a lost item."
KA-02377,informational,311-45,Snow Removal Employment. Register for a snow shoveling job with the Department of Sanitation.
KA-02378,submittable,311-50,Mattress or Box Spring Disposal. Learn how to get rid of a mattress or box spring.
KA-02379,submittable,311-68,Crime Victim Support. Get help for a victim of crime.
KA-02380,informational,311-111,"Public Garages and Parking Lots. Find a City-owned parking facility. Report problems with maintenance, cleanliness, lighting, or other conditions in City-owned parking facilities."
KA-02381,informational,311-64,Building Registration. Register a building with 3 or more units or a 1- or 2-family home that you don't live in with the Department of Housing Preservation and Development (HPD).
KA-02384,submittable,311-98|311-99|311-68,"Jail System Complaint. Report a problem with the New York City jail system, including threats to incarcerated people."
KA-02385,unclear,311-50,Electronics Disposal. Learn how to get rid of electronics.
KA-02386,informational,311-56|311-28,"People with Disabilities Services. Learn about resources, referrals, and information about programs for people with disabilities."
KA-02387,informational,311-70|311-115,Driver License. Learn about driver licenses and scheduling a road test.
KA-02388,informational,311-70,"Non-Driver ID Card. Apply for, renew, replace, or update a non-driver photo ID card, also known as a New York State ID."
KA-02416,informational,311-99,City Jail System Facilities. Get information about a Department of Corrections facility.
KA-02417,submittable,311-107,City Worker Conflict of Interest. Report a City employee's potential ethics violation.
KA-02418,submittable,311-107|311-68,"City Worker or Contractor Corruption or Criminal Misconduct. Report illegal activity, assault, or suspected wrongdoing by a City employee or contractor."
KA-02419,submittable,311-107,NYC311 Feedback. Give feedback on the service provided by NYC311 and its employees.
KA-02420,submittable,311-107|311-68,"Police Officer Complaint. Report unnecessary use of force, abuse of authority, discourtesy, or offensive language by a police officer. Report NYPD criminal activity or misconduct."
KA-02421,unclear,311-50,Tire Disposal. Learn how to get rid of rubber tires.
KA-02423,unclear,311-50,"Medical Waste Disposal. Learn how to get rid of medical waste, including syringes and lancets."
KA-02424,informational,311-50|311-33|311-31,Donate Goods. Learn how to donate goods.
KA-02425,informational,311-62|311-61|311-60,"Electric Service and Billing. Request to start, stop, or reconnect electric service. Get billing or meter information."
KA-02438,informational,311-24|311-55|311-28,"Health Insurance for People with Disabilities. Learn about insurance coverage, financial assistance programs, and benefits for people with disabilities."
KA-02439,informational,311-24|311-55|311-29,"Health Insurance for Seniors. Get help with understanding Medicare, Medicaid, and comparing plan choices."
KA-02440,informational,311-44|311-28,Employment Programs for People with Disabilities. Learn about job programs for people with disabilities.
KA-02441,informational,311-44|311-43|311-103,Learning Disabilities. Get health information and treatment referrals for adults and children with learning disabilities.
KA-02442,submittable,311-25|311-40|311-28|311-103,Students with Disabilities. Request educational support for students who are blind or have limited vision and students who are deaf or hard of hearing.
KA-02443,informational,311-51|311-62|311-61|311-80,Sidewalk Cleaning. Learn about sidewalk cleaning rules and enforcement for property owners.
KA-02445,informational,311-63,"DOB NOW. Learn about DOB NOW services for submitting job filings, inspection requests, compliance filings, and license applications or renewals online."
KA-02446,informational,311-62|311-61|311-60,"Gas Service and Billing. Request to start, stop, or reconnect gas service. Get billing or meter information."
KA-02447,submittable,311-63|311-95,Asbestos Handler Certification. Learn how to become certified to handle or investigate asbestos.
KA-02448,informational,311-63|311-64|311-33|311-62|311-95|311-61,Certified Asbestos Investigator. Find a certified asbestos investigator.
KA-02459,submittable,311-62|311-61,Water and Sewer Bill. General information about Department of Environmental Protection (DEP) water and sewer bills and accounts.
KA-02460,informational,311-38|311-36|311-81,Parade or Sound Permit. Apply for a parade or sound permit.
KA-02461,submittable,311-62|311-61,Water and Sewer Bill Dispute. Fight a Department of Environmental Protection (DEP) water or sewer charge or dispute a bill.
KA-02462,informational,311-62|311-61,Water and Sewer Bill Payment. Pay a Department of Environmental Protection (DEP) water and sewer bill.
KA-02463,submittable,311-79|311-36|311-80|311-81,Street Light Complaint. Report a problem with a street light.
KA-02464,informational,311-62|311-61,Water and Sewer Lien Sale. Learn about lien sales of water and sewer debt. Get info on multi-family homeowner Water Debt Assistance Program (WDAP).
KA-02465,informational,311-62|311-61,Water and Sewer Rate. Learn about NYC Water Board water and sewer bill rate increases.
KA-02466,submittable,311-51,Donation Collection Bin Complaint. Report an illegally-placed donation collection bin.
KA-02467,unclear,311-50,Flammable Liquid Disposal. Learn how to get rid of flammable liquids.
KA-02473,submittable,311-50,Trash and Recycling Collection Request for Residence or Non-Profit. Request trash and recycling services at a new residential or institutional address.
KA-02474,informational,311-50,Vehicle Disposal. Learn about how to get rid of a motor vehicle.
KA-02475,unclear,311-36|311-80|311-81,Loose Syringes. Report loose syringes or needles on public property.
KA-02476,submittable,311-50,Propane Tank Storage and Disposal. Learn how to store or get rid of a propane tank.
KA-02477,informational,311-33,Bottle Refund. Learn about the bottle and can refund law or report a store not accepting a container.
KA-02479,submittable,311-50,Recycling Theft. Report theft of recyclable materials.
KA-02482,informational,311-50|311-94,Landscaper Waste Requirements. Learn about yard waste disposal rules for landscapers.
KA-02483,submittable,311-51,Public Recycling Bin Complaint. Report an overflowing or misused public recycling bin.
KA-02484,informational,311-50|311-33,Plastic Bag Ban and Paper Bag Fee. Learn about the ban on plastic carryout bags and fee for paper bags.
KA-02488,informational,311-46,Labor Law. Learn about the rules that apply to workers and employers and report unfair or illegal practices.
KA-02489,submittable,311-50,Christmas Tree Disposal. Learn how to get rid of a Christmas tree.
KA-02491,submittable,311-80|311-81,Street Light Installation or Relocation Request. Request installation of a new street light or relocation of an existing street light.
KA-02492,informational,311-107|311-46|311-45,"City Government Jobs. Learn about civil service exams, including results, schedules, fees, change of personal information, and how to apply."
KA-02497,informational,311-37|311-25|311-70|311-26|311-36,IDNYC Municipal ID Card. Learn about and apply for the New York City's IDNYC municipal identification card for people who live in one of the 5 boroughs of New York City.
KA-02498,informational,311-107,"NYC311. Learn about 311, New York City's one-stop shop for government information and non-emergency services."
KA-02500,informational,311-36,"Parks. Learn about features, activities, and events in City, State, and national parks."
KA-02501,informational,311-21|311-20|311-59,Homeless Shelters. Apply for homeless shelter intake.
KA-02502,informational,311-84,"Federal Tax. Learn about federal taxes for individuals, including refund status and tax records."
KA-02503,informational,311-37|311-25|311-70|311-26|311-36,IDNYC Benefits. Learn about the benefits of having an IDNYC card.
KA-02504,submittable,311-83|311-94,"General Corporation Tax. File and pay the tax for corporations that do business, employ capital, own or lease property, or have offices in NYC."
KA-02513,submittable,311-81,Crash Barrier Request. Request to install new crash barriers.
KA-02514,submittable,311-81,"Speed Reducer Request. Request speed reducer installation, repair, or removal."
KA-02516,informational,311-25|311-40,"Child Care. Learn about City-funded child care programs, including EarlyLearn NYC. Get referrals to licensed child care providers."
KA-02517,informational,311-69,"Snow. Learn about snow procedures, advisories, and City service status during winter storms."
KA-02518,emergency,311-68|311-60,Illegal Eviction or Lockout. Call 911 to report an eviction that was not performed by a NYC Marshal or Sheriff.
KA-02519,informational,311-62|311-110|311-30,Debt Relief for Military Service Members. Request relief from debts owed to the Department of Finance if you are a member of the military.
KA-02520,informational,311-78|311-50|311-49|311-62|311-12|311-58|311-61|311-68|311-80|311-110,CityPay. Pay New York City bills and fees online.
KA-02521,informational,311-89|311-103,School Transportation. Learn about school transportation or report if a child missed a school bus.
KA-02522,informational,311-101,"School Calendar and Closures. Get information about public school holidays, key dates, and unplanned closures."
KA-02523,informational,311-62|311-29|311-85|311-61,Senior Citizen Homeowners' Exemption (SCHE). Apply for property tax benefits for homeowners 65 and older.
KA-02524,informational,311-62|311-28|311-85|311-61,Disabled Homeowners' Exemption (DHE). Apply for property tax benefits for people with disabilities.
KA-02525,informational,311-107|311-108,Invite the Mayor to an Event. Learn about how to invite the Mayor to an event.
KA-02526,informational,311-62|311-85|311-61,Clergy Property Tax Exemption. Apply for property tax benefits for members of the clergy.
KA-02527,informational,311-62|311-28|311-85|311-61,Crime Victim Property Tax Exemption. Apply for property tax benefits for people who have a disability because of a crime.
KA-02528,informational,311-21|311-20|311-59,"Homeless Drop-In Centers. Get hot meals, clothing, and social services for homeless people living on the streets."
KA-02529,informational,311-23|311-62|311-60,"HEAP Energy Assistance. Get help with HEAP, paying for heat, utilities, and boiler repairs for low-income households and public assistance recipients."
KA-02530,informational,311-83|311-94,Relocation and Employment Assistance Program (REAP). Learn about tax incentives for businesses who move to certain areas of New York City.
KA-02531,submittable,311-78|311-68,Police Stops. Request a Stop Report or the release of body camera footage by an NYPD police officer.
KA-02532,informational,311-63|311-83|311-94,Commercial Construction Tax Benefit Programs. Learn about tax benefits for owners and developers who build or make improvements to commercial or industrial properties.
KA-02533,submittable,311-33|311-68|311-94,Identity Theft. Report identify theft or get tips for consumers and businesses about preventing it.
KA-02534,informational,311-62|311-85|311-61,School Tax Relief for Homeowners (STAR). Apply for the STAR income tax credit.
KA-02535,informational,311-62|311-61,Water Meter. Learn about water meters and automated meter reading (AMR) devices.
KA-02536,informational,311-33,"911 Surcharge. Learn about 911 surcharges for wireless, landline, and Voice Over Internet Protocol (VoIP) telecommunications services."
KA-02538,unclear,311-56,Abortion. Get abortion counseling and services.
KA-02540,informational,311-23|311-25|311-22|311-21|311-20|311-59,ACCESS HRA Website and Mobile App. Learn about an online tool to help you apply for benefits from the Human Resources Administration.
KA-02541,informational,311-23|311-25|311-22|311-21|311-20|311-59,"ACCESS NYC. Screen for eligibility for City, State, and Federal health and human service benefit programs."
KA-02542,informational,311-93|311-28|311-90,Accessible Taxi Dispatch. Request a wheelchair accessible taxi for pick-up anywhere in the five boroughs.
KA-02544,submittable,311-57,Active Design. Get the Active Design Guide for Community Groups.
KA-02545,informational,311-25,Administration for Children's Services Case Status. Get information about a Children's Services case for parents and child care professionals.
KA-02546,informational,311-66,Adopt an Animal. Learn about adopting an animal in need of a home.
KA-02547,informational,311-29,Adult Day Care. Learn about social and medical adult day care services for older adults. Report a problem with an adult day care facility or service.
KA-02548,informational,311-56,Adult Vaccination and Immunization. Find a clinic for adult vaccinations and immunization.
KA-02549,submittable,311-56,Adult Vaccination Poster. Get a poster with information about vaccines for adults.
KA-02550,informational,311-42|311-37|311-25|311-36,"After School Program. Find an after school program for an elementary, middle, or high school student. Report a problem with an after school program."
KA-02551,informational,311-64,Air Conditioner Installation Guidelines. Learn about the rules for installing a window air conditioner.
KA-02552,informational,311-23|311-62|311-60,HEAP Cooling Assistance. Apply for HEAP Cooling Assistance to see if you qualify for an air conditioner or fan.
KA-02553,informational,311-91,"Airports. Learn about John F. Kennedy, LaGuardia, and Newark Airports, AirTrain, and other ground transportation options. Submit air travel service complaints."
KA-02554,submittable,311-57|311-94,Alcohol and Pregnancy Warning Poster. Get a poster that warns against drinking alcohol during pregnancy.
KA-02555,informational,311-95,Alcohol License. Apply for a wholesale or retail liquor license.
KA-02556,informational,311-33,Alcohol License Check. Find out if a business is licensed to sell alcohol.
KA-02557,informational,311-83|311-94,"Liquor License Tax. Learn about the Retail Beer, Wine and Liquor License Tax."
KA-02558,submittable,311-56|311-68,Ambulance Complaint. Report a problem with an ambulance.
KA-02559,informational,311-94,"Animal Care and Handling Course. Learn about the certificate to manage a pet shop or business that sells, grooms, or houses cats, dogs, or other small animals."
KA-02560,submittable,311-58,Anti-Smoking Advertising Complaint. Report an upsetting anti-smoking advertisement.
KA-02561,informational,311-45,ApprenticeNYC for Advanced Manufacturing. Learn about a program that supports apprentices in advanced manufacturing industries.
KA-02562,informational,311-37|311-94,Artist Certification. Learn about the certification needed for an artist to qualify for a joint living-working space.
KA-02563,informational,311-56|311-58,Asthma. Learn about asthma and resources for families with children with asthma.
KA-02564,informational,311-25|311-57,"Baby Care and Safety. Get information, services, and support for caring for a new baby."
KA-02565,informational,311-83|311-94,Banking Corporation Tax. Learn about the Banking Corporation Tax (BCT).
KA-02566,informational,311-36,Beaches. Find a beach.
KA-02567,informational,311-44|311-42|311-25|311-56|311-57|311-45|311-36|311-103,"Beacon Community Centers. Find a school-based community center for children, youth, and adults."
KA-02568,informational,311-45,Become a City Marshal. Learn about becoming a City Marshal who enforces court orders.
KA-02569,informational,311-45,Become a Crossing Guard. Learn about getting a part-time job as a crossing guard.
KA-02570,informational,311-45,Become a Teacher. Learn about becoming a public school teacher.
KA-02572,informational,311-80|311-81,Sidewalk Seating. Find sidewalk seating locations. Report a city-owned bench or leaning bar needing repair. Request a new bench or leaning bar location.
KA-02573,informational,311-64,Benchmarking and Energy Grading Requirements. Learn about NYC benchmarking and energy grading laws and requirements for certain buildings.
KA-02574,unclear,311-92|311-36,Bike Helmet. Get a free bicycle helmet or fitting.
KA-02575,unclear,311-92|311-39|311-36|311-94,Bike Map. Get the New York City Bike Map or have a bicycle shop location added to the map.
KA-02576,submittable,311-92|311-62|311-36|311-61|311-80,Bike Rack Request. Request that the City install a bike rack on a sidewalk or other public property.
KA-02577,informational,311-92|311-36,"Bike Rules and Safety. Learn about bicycle safety, rules, and regulations."
KA-02578,informational,311-92|311-36,Biking Health Bulletin. Learn about the health benefits of cycling.
KA-02579,informational,311-83|311-94,NYC Biotechnology Tax Credit. Learn about the NYC Biotechnology Tax Credit and how to apply.
KA-02580,unclear,311-71|311-72|311-58,Vital Record Verification. Request birth or death verification if you are a government agency.
KA-02581,informational,311-56,Birth Control. Get birth control.
KA-02582,informational,311-56|311-28,Blindness and Low Vision Support. Learn about services and rights for people who are blind or low vision.
KA-02583,informational,311-91|311-47,Boat Pump Out. Find a station where boat owners can legally dispose of onboard septic waste.
KA-02584,informational,311-64,Boiler Inspection Violation. Learn about the violation issued to property owners who do not file an annual boiler inspection report.
KA-02585,submittable,311-33,Boiler Operator Engineer Complaint. Make a complaint about a licensed boiler operator engineer.
KA-02586,informational,311-63|311-95,Boiler Operator Engineer License. Apply for a stationary or portable boiler engineer's license.
KA-02587,informational,311-36,Botanical Gardens. Learn about botanical gardens.
KA-02588,unclear,311-57,Breastfeeding. Get information and support for breastfeeding.
KA-02589,submittable,311-57|311-94,Breastfeeding Welcome Sign and Toolkit. Get a Breastfeeding Is Welcome Here sign and toolkit for businesses.
KA-02590,informational,311-64,Building Code. Get a copy of the New York City Building Code.
KA-02591,informational,311-64,Building Facade Inspection. Learn about required building facade inspections and the Local Law 11/98 Facade Safety Program.
KA-02594,informational,311-96|311-94,"Business Courses. Learn about workshops, assistance, and training to support businesses, including women-owned, minority, and small businesses."
KA-02595,informational,311-96|311-94,"Business Financial Assistance. Learn about financial assistance for small business owners, entrepreneurs, and minority and women-owned businesses."
KA-02596,informational,311-94,Business Fine Payment. Pay a Department of Consumer and Worker Protection fine or inspection fee.
KA-02597,informational,311-96|311-94,Business Incentives. Learn about incentives for small businesses.
KA-02598,informational,311-35|311-94,Business Legal Assistance. Get free legal assistance for small businesses.
KA-02599,informational,311-94,Business Name or Address Change. Update the address or name of your business.
KA-02601,submittable,311-94,"Business Registration. Learn how to file a Business Certificate, also called a Certificate of Assumed Name."
KA-02602,informational,311-83|311-94,"Business Tax Assistance. Get help with business tax filing, payment, and account issues. Get a copy of a filed business tax return."
KA-02604,submittable,311-64,Canopy Permit. Apply or renew a permit to install a canopy.
KA-02606,informational,311-115,Car Seat Inspection. Make an appointment to get a free car seat inspection.
KA-02607,submittable,311-90,Car Service Driver Compliment. Give positive feedback about a car service driver.
KA-02608,emergency,311-62|311-61|311-68|311-60,Carbon Monoxide. Call 911 to report carbon monoxide emission or poisoning. Learn about carbon monoxide detector requirements.
KA-02609,informational,311-94,Horse Drawn Carriage Handling Course. Learn about courses for horse drawn carriage drivers.
KA-02610,informational,311-112|311-33,Carshare. Learn about a program that gives members access to cars for short-term use.
KA-02611,submittable,311-48|311-80|311-81,Catch Basin Installation. The City no longer accepts requests for catch basin installation.
KA-02612,informational,311-36|311-113,Central Park. Learn about Manhattan's largest park.
KA-02613,informational,311-35|311-77,Certificate of Disposition. Get an official court document that indicates the current status of a case or its final disposition.
KA-02614,informational,311-35|311-46|311-98|311-77|311-60,Certificate of Conduct. Get a Certificate of Conduct.
KA-02615,informational,311-64,Certification of No Harassment. Learn about Certification of No Harassment or Exemption and their applications.
KA-02616,informational,311-107,Charter Revision Commission. Learn about the commission responsible for reviewing and recommending changes to the City's Charter.
KA-02617,informational,311-102|311-103,Charter Schools. Learn about charter schools.
KA-02618,informational,311-25|311-40|311-94,Child Care Performance Card. Learn about group child care center performance summary cards.
KA-02619,informational,311-96,Child Care Provider Payment. Get help with child care payments for child care providers under contract with ACS.
KA-02620,informational,311-57,Child Development. Learn about a child's developmental milestones between 2 months to 5 years old.
KA-02621,informational,311-56,Child Eye Exam. Find an eye doctor or clinic for children.
KA-02622,unclear,311-56,"Child Health Clinics. Get locations of public health clinics for an infant, child, or teen."
KA-02623,unclear,311-56,Child Immunization Clinic or School Medical Exam. Get a referral for shots or vaccines or a school medical exam for children.
KA-02624,emergency,311-68,Child Pornography. Call 911 to report child pornography.
KA-02625,informational,311-25|311-68,Child Safety. Learn about child safety.
KA-02626,informational,311-56,Chlamydia Treatment for Partners. Learn about Expedited Partner Therapy.
KA-02627,submittable,311-33|311-68,"Cigarette Sale Complaint. Report illegal cigarette sales, cigarette tax evasion, or a problem with a cigarette vending machine."
KA-02628,informational,311-83|311-33|311-94,Cigarette Tax. Learn about the tax on cigarettes for businesses and consumers.
KA-02629,informational,311-56,Circumcision. Learn about the risks of circumcision or report any concerns.
KA-02630,submittable,311-107|311-26,City Agency Language Access Feedback. Make a complaint that a City Agency did not provide translation or interpretation services or make a request for additional language services.
KA-02631,submittable,311-109,"City Agency Study or Report. Get a City Agency study or report on a New York City government topic, including City Council reports."
KA-02632,informational,311-37|311-39|311-94,City Archive Photograph. Buy or get permission to use high-quality photos of classic images of New York City.
KA-02633,informational,311-107,City Budget. Get information about the City's budget. Learn about participatory budgeting in your community.
KA-02634,submittable,311-107,"City Budget Cut Feedback. Give feedback on proposed New York City budget cuts for child care, after school programs, Department of Education school closures, and public libraries."
KA-02636,informational,311-107|311-96,City Contract Equal Employment Opportunity Compliance. Get help with EEO compliance (E.O. 50) forms. Report discrimination or illegal denial of benefits or fair wages by a City contractor.
KA-02637,informational,311-96|311-94,"City Contracts for New Vendors. Learn about doing business with New York City, including contracts, programs, payments, and business opportunities for new vendors."
KA-02638,informational,311-46,City Employee Payroll Assistance. Get payroll information and services for City employees.
KA-02639,informational,311-107|311-39,City Flag Status. Check the current status of City flags. Find out if City flags are at half-staff and why.
KA-02640,submittable,311-58,City Health Information (CHI) for Health Care Providers. Get a clinical bulletin for health care providers.
KA-02641,informational,311-35,City Marshals. Learn about contacting a City Marshal.
KA-02642,informational,311-107|311-28,"City Service Access for American Sign Language (ASL) Users. Learn about ASL Direct, the City's direct video calling system for ASL users."
KA-02643,informational,311-39,City Souvenirs and Books. Buy New York City souvenirs or government publications.
KA-02645,informational,311-46|311-84,City Worker Nonresident Tax Form NYC-1127. Learn about tax filing for New York City employees who reside outside the City.
KA-02646,informational,311-46|311-24|311-55,"City Worker or Retiree Benefits. Get help with health benefits, pension funds, and other human resource issues for City employees or retirees."
KA-02647,informational,311-43,College Application Preparation. Learn about applying to college.
KA-02648,informational,311-43,College Program for COMPASS and Beacon Staff. Learn about a program that offers college credit to employees of COMPASS and Beacon programs.
KA-02649,informational,311-56,"Colon Cancer. Learn about colon cancer prevention, screening, and risk factors."
KA-02650,submittable,311-47,Combined Sewage Overflow (CSO) Waterbody Advisory. Learn when heavy rain causes wastewater treatment plants or sewers to get too full and untreated sewage to spill into waterways.
KA-02651,informational,311-92|311-33|311-94,"Commercial Bicycling Laws. Learn about the rules for businesses that employ delivery workers who use bikes, e-bikes, or cargo bikes. Report a business not following the laws."
KA-02652,informational,311-83|311-94,Commercial Motor Vehicle Tax. Learn about the New York City Commercial Motor Vehicle Tax (CMVT).
KA-02653,informational,311-83|311-94,Commercial Rent Tax. Learn about the Commercial Rent Tax (CRT) paid by businesses in Manhattan south of 96th Street.
KA-02654,informational,311-35,"Commissioner of Deeds Registration. Register as a Commissioner of Deeds, a public officer similar to a Notary Public."
KA-02655,submittable,311-58,Community Health Profile. Request for a community health profile.
KA-02656,informational,311-64,Community Retrofit NYC Program. Learn about a program to help owners and operators of small- and mid-size private buildings complete energy and water efficiency retrofits.
KA-02657,informational,311-46|311-94,Commuter Benefits Law. Learn about the law requiring employers to provide commuter benefits to their employees.
KA-02658,informational,311-63,"Construction Site Safety. Site safety regulations and training requirements for construction industry professionals and employees, including classes and job site map."
KA-02660,unclear,311-33|311-29,Consumer Tips for Seniors. Learn how older adults can protect themselves from financial fraud and scams.
KA-02662,submittable,311-50|311-94,Cooking Oil and Grease Disposal. Learn how to get rid of used cooking oil and grease.
KA-02663,informational,311-69|311-58,"Cooling Centers. Find a cooling center, an air-conditioned place to go when it is dangerously hot."
KA-02664,informational,311-64,Cooling Tower Registration and Maintenance. Learn about cooling tower registration and required maintenance plans.
KA-02666,unclear,311-35,Court. Get locations and contact information for courts.
KA-02667,informational,311-23|311-33,Credit Report. Get a free credit report from each of the three credit bureaus.
KA-02668,submittable,311-68,Crime Stoppers Tip. Report a crime.
KA-02669,informational,311-35|311-98|311-77|311-68,Criminal Record. Learn about criminal history searches or request past criminal court and district attorney records.
KA-02671,informational,311-37,Culture Pass. Learn how to use your library card to reserve a pass and get free admission to dozens of NYC cultural institutions.
KA-02673,informational,311-109,Daylight Saving Time. Learn about Daylight Saving Time.
KA-02674,informational,311-56|311-28,Deaf and Hard of Hearing Services. Learn about services and resources for people who are deaf or hard of hearing.
KA-02675,informational,311-23|311-33,Debt Management. Get help managing debt and dealing with debt collection agencies.
KA-02676,informational,311-25|311-35,"Deferred Action for Childhood Arrivals (DACA). Learn about the Deferred Action process for undocumented immigrants who came to the United States during childhood, including free legal service referrals."
KA-02678,informational,311-63,Department of Buildings ID or Job Penalization Status. Get help for an applicant with a penalized Department of Buildings ID or Job.
KA-02679,submittable,311-64|311-68,Department of Citywide Administrative Services Building Security Complaint. Report a security problem in a DCAS-managed building.
KA-02681,submittable,311-95,Department of Consumer and Worker Protection License Authority to Act Withdrawal. Revoke a Granting Authority to Act Form.
KA-02682,informational,311-95,"Department of Consumer and Worker Protection License Replacement. Replace a DCWP license that is lost, stolen, or damaged."
KA-02683,submittable,311-94,Department of Consumer and Worker Protection Violation Business Assistance. Get help for a business with a Department of Consumer and Worker Protection (DCWP) violation.
KA-02684,submittable,311-95,Department of Consumer and Worker Protection Online Licensing. Get help using the Department of Consumer and Worker Protection (DCWP) online services.
KA-02685,informational,311-56,"NYC Health Department Clinics. Find a clinic offering free or low-cost immunization, sexual health, tuberculosis, or other health services."
KA-02686,submittable,311-57,"Depression Health Bulletin. Get the ""Depression: It's Treatable"" health bulletin."
KA-02687,informational,311-56,"Diabetes. Learn about diabetes, including diabetes developed during pregnancy."
KA-02689,informational,311-33|311-28|311-66|311-58|311-94,Dogs in Restaurants. Learn about the rules for bringing a non-service dog into a restaurant.
KA-02690,informational,311-96,Doing Business Search. Search the Doing Business Portal for information about lobbyists and vendors who do business with New York City.
KA-02691,informational,311-35|311-27|311-73,Domestic Partnership. Register or terminate a domestic partnership.
KA-02692,submittable,311-21|311-68|311-60,Domestic Violence Shelter Complaint. Report a problem with a domestic violence shelter.
KA-02693,informational,311-66|311-31,Donate to Animal Shelters. Give money or supplies to an animal shelter.
KA-02694,informational,311-69|311-31,Donate to Disaster Relief. Give money to help the victims of hurricanes and natural disasters.
KA-02695,informational,311-68|311-31,Donate to Families of Fallen Police Officers and Firefighters. Give money to help the families of police officers and firefighters killed in the line of duty.
KA-02696,informational,311-107|311-31,Donate to New York City. Give money to benefit New York City or City-supported emergency relief causes.
KA-02697,unclear,311-47,Drought. There is no drought for New York City at this time. Learn about water saving tips.
KA-02698,informational,311-33|311-56|311-57|311-27,"Drug and Alcohol Services. Get free, confidential help with drug or alcohol addiction, such as crisis services and treatment referrals. Make a drug/alcohol rehab facility complaint."
KA-02699,informational,311-63,Drywells. Learn about the design and installation of drywells.
KA-02700,informational,311-64,Dumpster Permit. Apply for a permit to place a dumpster or debris container on a sidewalk or street.
KA-02702,informational,311-20|311-59|311-61|311-60,Basement Apartment Conversion Pilot Program (BACPP). Learn about a program that lets homeowners in East New York and Cypress Hills renovate and rent out basement or cellar apartments legally.
KA-02706,informational,311-106,Education Councils. Learn about education councils and how to become a candidate.
KA-02707,informational,311-112,"Electric Vehicle. Learn about electric vehicles and charging stations, a cleaner form of transportation."
KA-02708,informational,311-33,Electronics Buying and Selling Guide. Learn about the rules for businesses that sell electronics and get tips for consumers.
KA-02709,informational,311-102,Elementary School Enrollment. Learn about enrollment and registration for elementary school students.
KA-02711,submittable,311-69,Emergency Action Plan (EAP) Director On-Site Test. Request an on-site Emergency Action Plan (EAP) Director test.
KA-02713,informational,311-66|311-69|311-94,"Emergency Preparedness. Learn about emergency preparedness, including tips, educational events, and how to create an emergency plan for businesses, schools, students, and pets."
KA-02714,submittable,311-94,Employment Agency Law Poster. Get a poster with legal requirements for employment agencies.
KA-02715,submittable,311-64,DOB Proof of Compliance for OATH Violation. Learn how to submit proof of compliance and certificates of correction for OATH/ECB violations issued by the Department of Buildings (DOB).
KA-02716,informational,311-49,Environmental Question. Get the answer to a question about the environment.
KA-02717,unclear,311-28|311-69,Hurricane Evacuation. Learn what to do when the Mayor issues an evacuation order for those living in hurricane evacuation zones.
KA-02718,unclear,311-57,Excessive Drinking. Request copies of health bulletins about excessive alcohol use.
KA-02719,informational,311-46|311-94,"Fair Workweek Law. Learn about the law that protects fast food, retail, and utility safety workers."
KA-02720,informational,311-33,False Advertising Guide. Get a guide to recognizing misleading or deceptive advertising practices.
KA-02722,informational,311-25,Family Assessment Program (FAP). Learn about a program that helps resolve conflict between parents and adolescent children.
KA-02723,submittable,311-21|311-20|311-59,"Family Homelessness and Eviction Prevention Supplement (FHEPS). Get help for families with children who live in shelters, are being evicted, or have been evicted."
KA-02725,informational,311-69,"Flood Insurance and Flood Risk Assessment. Learn about flood insurance, including requirements, policy rate changes, and FEMA notification letters."
KA-02726,unclear,311-46|311-70|311-95|311-68|311-94,"Fingerprinting. Get non-criminal fingerprints, which are required for certain permits and licenses."
KA-02727,informational,311-64,Fire Code. Learn about the New York City Fire Code.
KA-02728,informational,311-77|311-68,"Fire or Ambulance Report. Get a fire, ambulance, or enforcement report from the Fire Department."
KA-02729,informational,311-83|311-94,Fire Premiums Tax. Learn about taxes for foreign insurance companies who provide fire coverage for New York City properties.
KA-02731,informational,311-64,Fire Safety Director On-Site Test. Request an on-site Fire Safety Director test.
KA-02732,informational,311-57|311-36,Fitness Program. Learn about getting and staying fit and find free fitness classes.
KA-02733,informational,311-56,"Flu Literature. Get health bulletins, posters, and other materials about flu prevention."
KA-02734,unclear,311-33|311-56|311-57|311-94,"Eating Healthy. Get bulletins, guides, and other information about healthy eating."
KA-02735,submittable,311-56,Flu Shot and Prevention. Get a flu shot or learn about other ways to prevent the flu.
KA-02737,submittable,311-94,Food Allergy Poster. Request a poster for a restaurant about protecting customers with food allergies.
KA-02739,informational,311-94,"Food Cart Rules. Learn about licensing, permits, and operating guidelines for food carts."
KA-02740,informational,311-22,Food Pantries and Soup Kitchens. Find places where people in need can get free food.
KA-02741,informational,311-94,Food Protection Certificate Replacement. Replace a food certificate or card or request status of a replacement request.
KA-02742,informational,311-94,Food Protection Course. Learn about food protection courses for owners and operators of restaurants and other food establishments.
KA-02743,submittable,311-46|311-94,Freelance Worker and Hiring Party Assistance. Get help for freelance workers and those who employ them.
KA-02744,informational,311-29,Friendly Visiting Program for Older Adults. Learn about a program that matches people age 60 and older with volunteers who will visit them at their homes.
KA-02745,informational,311-95,Fuel Truck Inspection. Get an inspection of fuel truck meters and air eliminator devices.
KA-02746,submittable,311-33,Funeral Director Complaint. Make a complaint about a funeral director.
KA-02747,informational,311-95,Funeral Director License. Apply for a license for a funeral director.
KA-02748,informational,311-33,Funeral Planning Guide. Learn about how to plan a funeral.
KA-02749,informational,311-44|311-102|311-43,"GED and Literacy. Learn about the GED exam, including free classes and programs to help prepare."
KA-02750,informational,311-71|311-72|311-73,"Historic Birth, Death, or Marriage Record. Request birth certificates from before 1910, death certificates from before 1949, or marriage records from before 1950."
KA-02751,informational,311-102,Gifted and Talented Program. Learn about public school programs for gifted students.
KA-02752,submittable,311-25|311-68,Abandoned Baby Prevention. Get help for parents who are unable or unwilling to care for their baby.
KA-02753,informational,311-57|311-36,Golf Courses. Learn about public golf courses.
KA-02754,informational,311-57|311-94,Good Choice Healthy Food Program for Distributors. Get help for food distributors to promote healthier products.
KA-02755,informational,311-39,Governors Island. Learn about tours and events on Governors Island in New York Harbor.
KA-02756,informational,311-39,Gracie Mansion Tour. Request a tour of Gracie Mansion.
KA-02758,informational,311-94,Green Cart Permit. Learn about the rules and required permits for running a mobile fruit and vegetable cart.
KA-02759,informational,311-113,Gridlock Alert Days. Find out when heavy traffic is expected in Manhattan.
KA-02760,informational,311-22|311-29,Group Meals for Older Adults. Find places where group breakfast and lunch are served for people age 60 and older.
KA-02761,informational,311-25|311-57,"Growing Up NYC. Learn about a website with information on programs, resources, and activities for New York City children."
KA-02762,unclear,311-68,Gun Tip. Report the sale or possession of an illegal gun.
KA-02763,unclear,311-56,Gynecologist. Get gynecology services.
KA-02764,informational,311-39,Hart Island Cemetery. Learn about New York City's public cemetery.
KA-02765,informational,311-57,"NYC Health Department Literature. Get bulletins, posters, and other materials on personal and public health topics."
KA-02766,submittable,311-95,Health Department Online Licensing. Get technical assistance or PINs for Health Department online licenses and permits.
KA-02767,informational,311-24|311-55,"Health Insurance. Learn about public health insurance programs and services for adults, children, seniors, and people with disabilities."
KA-02768,informational,311-57,Health Passport. Learn about keeping a personal health record.
KA-02769,submittable,311-56,"Health Screenings. Get locations, hours, and contact information for a clinic to get a low cost health screening for diabetes, heart disease, and other chronic diseases."
KA-02772,unclear,311-56,"Hepatitis. Get tested, vaccinated, or treated for hepatitis."
KA-02773,informational,311-57,High Blood Pressure. Learn about blood pressure health and where to get free blood pressure testing.
KA-02774,informational,311-102,High School Enrollment. Learn about enrollment for high school students.
KA-02775,submittable,311-45|311-103,High School Work-Based Learning. Request help with job opportunities for high school juniors and seniors.
KA-02776,informational,311-94,Hiring Services. Learn about resources that help businesses hire qualified workers.
KA-02777,informational,311-37,Historical Societies. Learn about historical societies.
KA-02778,informational,311-56,HIV and AIDS Report. Get a copy of the NYC Commission on HIV and AIDS Report.
KA-02779,informational,311-56|311-27,HIV and AIDS Services. Get help for people with HIV or AIDS.
KA-02780,informational,311-56|311-27,"HIV Test and Treatment. Get HIV and AIDS counseling, testing, and treatment services."
KA-02781,submittable,311-33,Holiday Shopping Tips. Get consumer tips for smart holiday shopping.
KA-02782,informational,311-56|311-29,"Home Care. Get in-home care for Medicaid recipients, seniors, and others."
KA-02783,informational,311-33|311-62|311-61,Home Improvement Contractor License Check. Find out if a contractor is licensed by the Department of Consumer Affairs.
KA-02784,informational,311-33|311-62|311-61,Home Improvement Tips. Get tips for working with home improvement contractors.
KA-02785,informational,311-102,Home Instruction and Schooling. Find out if a student qualifies for medically necessary instruction at home or apply to educate a child at home.
KA-02786,informational,311-62|311-59,Home Ownership. Learn about becoming a New York City homeowner.
KA-02787,informational,311-62|311-61,Homeowner Repair Grants and Loans. Learn about home repair grant and loan programs.
KA-02788,submittable,311-20|311-59,"HOME Tenant-Based Rental Assistance Program (TBRA). Get help for former HOME TBRA tenants, participants, and landlords."
KA-02789,informational,311-62,Home Water Assistance Program. Learn about a water and sewer bill program that offers a credit for certain low-income homeowners.
KA-02790,informational,311-21,Homeless Shelter Aftercare. Get help for people previously in homeless shelters to keep their permanent housing.
KA-02792,informational,311-83|311-94,Horse Race Admissions Tax. Learn about the tax on the admission price of horse racing tickets.
KA-02793,unclear,311-56,Hospitals. Get locations and contact information for public hospitals.
KA-02794,informational,311-83|311-94,Hotel Room Occupancy Tax. Get help with the hotel room occupancy tax.
KA-02795,informational,311-62|311-61,"Housing Code Enforcement Notices for Residential Property Owners. Learn about recent laws, rules, and programs that may affect residential property."
KA-02797,submittable,311-56|311-21|311-20|311-59,"Supportive Housing Assistance. Learn more about supportive housing for people who have experienced homelessness or incarceration, or youth aging out of foster care."
KA-02798,submittable,311-61|311-60,Housing Information Guide Notice. A notice for property owners that must be posted in all residential properties with three or more units to inform tenants of the ABCs of Housing guide.
KA-02799,submittable,311-56|311-20|311-59,NYC Rent Guidelines Board Housing Report. Get housing reports from the New York City Rent Guidelines Board.
KA-02800,informational,311-20|311-59|311-28,"Housing Resources for People with Disabilities. Learn about housing online resources, services, and benefits for people with disabilities."
KA-02801,informational,311-113|311-81,HOV Lanes. Learn about traffic lanes designated for buses and passenger vehicles with multiple people.
KA-02802,submittable,311-68,"Hoverboard. Report the use of a hoverboard, which is a motorized self-balancing scooter."
KA-02803,informational,311-61,HPD Violation Removal for Property Owners. Correct or clear a violation from the Department of Housing Preservation and Development.
KA-02804,unclear,311-56,Human Papillomavirus (HPV). Get a human papillomavirus (HPV) health bulletin.
KA-02805,informational,311-46|311-20|311-59|311-26|311-28,Human Rights Outreach. Learn about Commission on Human Rights public programs and published materials.
KA-02806,unclear,311-68,"Human Trafficking. Report the recruiting, transporting, selling, or buying of people to exploit them. Get support and social services for victims."
KA-02807,unclear,311-36,Hunting and Fishing License. Apply to the NY State Department of Environmental Conservation for a hunting or fishing license.
KA-02810,informational,311-69,Hurricane Preparedness. Learn about hurricane preparation and find out if you are in an evacuation zone.
KA-02811,informational,311-57|311-36,Ice Skating Rinks. Find a public ice skating rink.
KA-02812,informational,311-26,Assistance for Immigrant New Yorkers. Learn about services and benefits available to immigrant New Yorkers.
KA-02813,informational,311-26|311-94,Immigrant Business Services. Learn about free services for immigrant business owners in multiple languages.
KA-02814,submittable,311-33|311-26,Immigration Service Provider Consumer Guide. Get a consumer guide that describes what an immigration service business can and cannot do.
KA-02817,informational,311-62|311-61,In Rem Foreclosure. Learn about the In Rem Foreclosure process for property.
KA-02819,informational,311-94,"Industrial and Manufacturing Business Assistance. Get help starting, running, or growing an industrial or manufacturing business."
KA-02820,submittable,311-98,Incarcerated Person Jail Release Services. Get social services and health care for recently-released incarcerated people.
KA-02821,submittable,311-112|311-33|311-24|311-55|311-62|311-61|311-60,"Insurance Complaint. Make a complaint about a health, car, home, life, or property insurance company."
KA-02822,informational,311-95,Intercity Bus Permit. Apply for a permit to operate an intercity bus.
KA-02823,informational,311-69,"Interim Flood Protection Measures Program. Learn about the program to protect critical facilities, infrastructure, and low-lying areas throughout the city from flooding caused by a hurricane."
KA-02824,informational,311-54,"International Affairs Community Assistance. Get help for diplomats, consular officers, United Nations staff members, City Agencies, government officials, and international businesses."
KA-02825,informational,311-33,Internet Scam Guide. Get consumer information on how to avoid internet scams.
KA-02826,informational,311-45,Internship. Learn about internship programs and opportunities.
KA-02827,submittable,311-45,"Job Training and Placement for Foreign-Born New Yorkers. Get help for foreign-born jobseekers with training, finding public benefits, and job placement."
KA-02829,informational,311-45|311-29,Job Training and Placement for Older Adults. Learn about employment programs for older adults.
KA-02831,informational,311-94,Job Training Grants for Businesses. Learn about grants to help businesses with employee training.
KA-02832,submittable,311-35|311-68,Judge Complaint. Report misconduct by a judge.
KA-02833,informational,311-99,Juvenile Detention. Learn about or make a complaint about juvenile detention programs and centers.
KA-02834,informational,311-102,Kindergarten Enrollment. Learn about enrolling in a public school kindergarten program.
KA-02835,informational,311-44|311-43|311-33,Know Before You Enroll Tips. Learn about consumer protection tips for adults considering a school or training program.
KA-02837,informational,311-64,Land Use and Development Appeal. Appeal land use and construction laws for a specific site or project regulated by the Board of Standards and Appeals.
KA-02838,informational,311-64,Landmark Application. Apply to make a historic building or site a landmark.
KA-02839,informational,311-39,Landmarks. Learn about New York City landmarks and historic sites.
KA-02840,informational,311-62|311-58|311-61|311-60,Lead Law. Learn about the lead law; get a copy of the Childhood Lead Prevention Act or the Annual Lead and Window Guard Notice.
KA-02841,informational,311-62|311-29|311-61,Lead Paint Repair Grant. Learn about financial assistance to make lead paint repairs.
KA-02842,informational,311-62|311-58|311-61|311-60,"Lead Safety. Learn about lead poisoning, lead poisoning prevention, and lead paint repair."
KA-02843,informational,311-63|311-58|311-61|311-94,Lead Safety for Landlords and Construction Professionals. Learn about safe lead paint work practices for landlords and construction professionals.
KA-02845,informational,311-58,"Legionnaires' Disease. Learn about Legionnaires' disease or Legionellosis, a type of pneumonia."
KA-02846,informational,311-56,"Leptospirosis. Learn about Leptospirosis, a bacterial disease associated with rat urine."
KA-02847,informational,311-25|311-56|311-27,"LGBTQ Services and Resources. Learn about services and resources for lesbian, gay, bisexual, transgender, and queer or questioning (LGBTQ) individuals, parents, and youth."
KA-02848,submittable,311-63|311-61|311-94,Licensed Home Improvement Contractor Bumper Sticker. Request a bumper sticker for home improvement contractors with valid licenses only.
KA-02851,informational,311-94,Lobbyist Registration. Register as a lobbyist.
KA-02852,unclear,311-66,Lost or Found Pet. Get help for an owner whose pet is lost or has been seized by the police or the Animal Care Centers.
KA-02853,unclear,311-56,Mammogram. Get locations of public hospitals or clinics offering mammograms and breast examinations.
KA-02854,informational,311-36,Marinas. Find a marina to dock and moor a boat.
KA-02855,informational,311-35,"Marriage in a Foreign Country. Get a Certificate of Non-Impediment, which may be required to marry in a foreign country."
KA-02856,informational,311-35,Marriage Officiant Registration. Register to perform marriage ceremonies in New York City.
KA-02857,informational,311-78|311-107|311-109,Mayor's Management Report (MMR). Learn about City agency performance.
KA-02858,informational,311-56,Measles. Learn about measles and measles vaccination.
KA-02859,submittable,311-95,Mechanical Sprinkler or Standpipe Inspection. Schedule an inspection of a mechanical sprinkler or standpipe.
KA-02861,informational,311-56|311-24|311-55,"Medicaid. Get help with Medicaid, which is free health insurance coverage for eligible adults and children."
KA-02862,submittable,311-94,"Medical Facility Vital Event Registration. Get forms used by medical facilities to register births, deaths, and terminations of pregnancy."
KA-02863,unclear,311-75|311-56,Medical Record. Request a medical or health care record.
KA-02864,informational,311-56,Meningitis. Learn about invasive meningitis (meningococcal disease).
KA-02865,informational,311-102,Middle School Enrollment. Register for middle school or learn about the admissions process.
KA-02866,submittable,311-30,Military Discharge or Separation Documents. Get military discharge or separation documents for a veteran.
KA-02868,informational,311-96,Minority and Women-Owned Business Enterprise (M/WBE) Program. Learn about a certification program for minority and women-owned businesses that want to do business with New York City.
KA-02870,informational,311-93|311-29|311-28,"Mobility Management Guide. Get a guide to accessible transportation services, programs, and resources for older adults and people with disabilities."
KA-02871,informational,311-62|311-58|311-61|311-60,Mold Cleaning and Health Guidelines. Learn about the health effects of being exposed to mold.
KA-02874,informational,311-23|311-60,Multi-Family Water Assistance Program (MWAP). Learn about a program that gives water and sewer bill credit to eligible HPD or HDC-assisted multifamily buildings.
KA-02875,informational,311-37,Museums. Learn about museums.
KA-02876,informational,311-36,Nature Centers. Learn about nature centers in parks.
KA-02877,unclear,311-39,"New York City Counties. Get the county names of the Bronx, Brooklyn, Manhattan, Queens, and Staten Island."
KA-02878,informational,311-95,"New York State Professional or Business License or Permit. Find out if you need a New York State license, permit or certification to perform your job and learn how to apply."
KA-02880,informational,311-91,New York Waterway Ferry. Learn about or report a problem with New York Waterway Ferry.
KA-02881,unclear,311-38|311-36,"New York Yankees. Get schedule, ticket, and stadium tour information for the New York Yankees and Staten Island Yankees."
KA-02882,submittable,311-94,Newsrack Registration. Request for information and registration forms for newsrack owners or operators.
KA-02883,informational,311-64|311-61,No Smoking Sign. Order a No Smoking and Electronic Cigarette Use sign.
KA-02884,submittable,311-12,Noise from Airplane. Report noise from an airplane.
KA-02885,informational,311-37|311-35|311-96|311-69|311-94,"Non-Profit Assistance. Get help with credit, funding, office space, tax credits, training and other assistance for non-profit organizations."
KA-02886,informational,311-95,Non-Tobacco Hookah Permit. Get a permit to serve non-tobacco hookah products.
KA-02887,informational,311-33,Notary Public Tips. Learn about the difference between a Notary Public and a Notario Publico.
KA-02888,unclear,311-1000|311-94,MyCity Business. Get online help for starting and operating a business in New York City.
KA-02889,informational,311-44|311-43|311-29|311-103|311-60,Broadband Access. Learn about programs that improve access to broadband services in underserved areas.
KA-02891,informational,311-57,NYC Food Standards. Learn about the standards for food in New York City.
KA-02892,informational,311-49,"NYC Green Infrastructure Plan. Learn about a multiagency effort to design, construct, and maintain sustainable green infrastructure practices, such as green roofs and rain gardens."
KA-02893,informational,311-78|311-109,NYC OpenData. Get public data from New York City agencies and other City organizations.
KA-02894,submittable,311-37,NYC Radio and Television. Get information or make a complaint about NYC Media Group's television and radio shows.
KA-02895,informational,311-64,"NYC Accelerator. Learn about the NYC Accelerator Program, which help building owners make energy and water efficiency improvements."
KA-02896,informational,311-103,NYC Schools Account. Learn about the NYC Schools Account system.
KA-02897,unclear,311-68,NYC Secure Mobile App. Get a free app to protect you from malicious cyber activity on mobile devices.
KA-02898,informational,311-94,NYC Small Business Support Center. Find a center offering support to start and run a small business.
KA-02899,submittable,311-61,NYCHA Public Housing Section 8 for Landlords. Get help for current NYCHA Section 8 landlords.
KA-02900,informational,311-60,NYCHA Rent Payment. Learn about the different ways to make NYCHA rent payments.
KA-02902,submittable,311-56|311-57,Opioid Overdose Prevention Poster. Get an Opioid Overdose Prevention Poster.
KA-02903,unclear,311-57,Oral and Dental Health. Learn how to prevent tooth decay and gum disease and get tips on keep your mouth healthy.
KA-02904,informational,311-35|311-68,Order of Protection. Learn about how to file an Order of Protection to limit the behavior of someone who harms or threatens another person.
KA-02905,informational,311-103,Other Ways to Graduate High School. Learn about alternate programs and opportunities available to help graduate high school.
KA-02906,informational,311-45,Out-of-School Youth Job Training and Placement. Learn about employment programs and opportunities for out-of-school youth.
KA-02907,emergency,311-56|311-68,Overdose. Call 911 to report someone in very bad condition who needs immediate medical help.
KA-02908,submittable,311-46|311-94,Paid Care Worker or Employer Assistance. Get help for paid care workers and their employers.
KA-02909,informational,311-35|311-46|311-94,Protected Time Off. Learn about the Protected Time Off Law. Report an employer violating the law.
KA-02910,unclear,311-106|311-103,Parent Coordinator. Contact a Parent Coordinator to report issues at your child's school.
KA-02911,informational,311-44|311-25|311-56|311-57|311-21|311-98,Parenting Support. Learn about support programs and resources for parents.
KA-02912,submittable,311-37|311-36|311-94,"Park Art Vendor Rules. Learn the rules for selling art, photography, reading material, or sculpture in City parks."
KA-02913,informational,311-115|311-111,Parking Permit. Apply for a parking permit or get information and assistance.
KA-02914,submittable,311-46|311-94,Parking Space Request. Request an authorized parking space on a City street.
KA-02916,informational,311-71,Parentage Acknowledgment. Get an Acknowledgment of Parentage Form.
KA-02917,informational,311-21,Pathway Home Program. Learn about financial assistance to help homeless families move out of shelters and stay with family members or friends.
KA-02918,informational,311-23,"Payday Loan Tips. Get a mini-guide to payday loans, also called check loans."
KA-02919,unclear,311-114,"Pedestrian Safety. Get data about traffic incidents, learn how City works to make streets safer for pedestrians, and request safety improvements."
KA-02920,submittable,311-95,Pedicab Timer Inspection. Schedule an inspection of a timer used by pedicab drivers to determine fares.
KA-02921,informational,311-66,"Pet Health and Welfare Resources. Find free or low-cost pet food, vaccines, and spay and neuter services."
KA-02922,unclear,311-33|311-58|311-68,Pharmacy Without Naloxone. Give feedback about a pharmacy you visited to get naloxone or general comments about access to naloxone.
KA-02923,submittable,311-33|311-62|311-61|311-60,"Phone Complaint. Report a problem with phone service, billing, or provider."
KA-02924,submittable,311-36,Playgrounds. Get locations of public playgrounds.
KA-02925,unclear,311-68,"Police Barricade Request. Request to have police sawhorse, cement, or metal barricades set up or removed."
KA-02926,submittable,311-53,"Poll Site Complaint. Report a problem with a poll site, voting machine, ballot, or poll worker."
KA-02927,informational,311-94,Portable Fire Extinguisher Recognition. Apply for portable fire extinguisher servicing.
KA-02928,informational,311-25|311-56|311-57|311-21|311-98,"Pregnancy Support. Learn about programs and services for pregnant women, expectant fathers, and families."
KA-02929,informational,311-56,Pregnancy Test. Get a pregnancy test.
KA-02930,informational,311-103,Pregnant Student Support. Learn about educational options and maternity leave for pregnant public school students.
KA-02931,informational,311-25|311-102|311-40|311-103,Pre-Kindergarten Enrollment. Learn about pre-kindergarten enrollment.
KA-02932,informational,311-56,Prenatal Care. Get care during pregnancy to keep you and your baby healthy at a Health Department clinic.
KA-02934,informational,311-102,Private and Parochial Schools. Get information about religious and private schools.
KA-02936,informational,311-64|311-87|311-62|311-74|311-85|311-61|311-68,Property Deed or Record Fraud. Report deed fraud or learn how to prevent it.
KA-02937,submittable,311-64|311-62|311-74|311-61,Property Lot Size Change. Request to combine or divide a lot or to amend a condo declaration.
KA-02939,informational,311-39,Property Tax Photograph. Buy a photograph from 1940 or the mid-1980s of any property in the City.
KA-02940,informational,311-36|311-113,Prospect Park. Learn about the flagship park of Brooklyn.
KA-02941,informational,311-46,"Cash Assistance Work Requirement, Job Training and Placement. Learn about required employment activities for Cash Assistance clients."
KA-02942,informational,311-33|311-68,Public Auction. Learn about public auctions from the City and Police Department.
KA-02943,unclear,311-23|311-22|311-24|311-55,Public Benefit Fair Hearing. Request an appeal for public assistance or child care assistance.
KA-02944,unclear,311-96,Public Improvement or Mechanic's Lien. Learn how to file a notice of lien against a contractor if you haven't been paid for labor or materials for a City government construction project.
KA-02945,informational,311-49,PUREsoil NYC. Learn about a program that provides high quality soil for neighborhood projects and helps protect against climate change.
KA-02946,unclear,311-56|311-57,Quit Smoking or Vaping. Get help to quit smoking or vaping.
KA-02947,informational,311-67|311-66|311-58,Pet Vaccination. Learn about vaccination for dogs and cats.
KA-02948,informational,311-80|311-81,Rain Garden. Learn about rain gardens that manage stormwater runoff from streets and sidewalks. Report a drainage or maintenance issue with a Rain Garden.
KA-02949,submittable,311-95,Range Hood or Micro Switch Inspection. Schedule an inspection of a range hood or micro switch.
KA-02950,informational,311-62|311-85|311-61,Real Property Transfer Tax. Learn about or get help filing the Real Property Transfer Tax.
KA-02951,informational,311-42|311-57|311-36,Recreation Centers. Find a recreation center and learn about activities and programs.
KA-02953,submittable,311-33,"Refund Policy Rules. Learn the rules that businesses are required to follow for refunds, exchanges, and returns."
KA-02954,informational,311-69|311-61,Residential Building Emergency Notices. Get information about a temporary notice with emergency information that must be posted by building owners in the common area of the building.
KA-02955,informational,311-95,Restaurant Inspection. Learn about restaurant inspection procedures.
KA-02956,unclear,311-95,Retail Store License. The City does not require a license to operate a retail store.
KA-02957,submittable,311-80|311-81,"Revocable Consent Application. Get permission to install and maintain a structure affecting the street or sidewalk, such as a stoop, cellar door, large planter, or accessibility lift."
KA-02958,submittable,311-33,Rigger Complaint. Make a complaint about a licensed rigger.
KA-02959,informational,311-53,Run for City Public Office. Find out how to run for public office in New York City.
KA-02960,unclear,311-61|311-60,Safe Construction for Tenants. Report that safe construction or Tenant Protection Plan (TPP) information is not posted or distributed to tenants.
KA-02961,submittable,311-23,Lifeline Program. Learn more about affordable phone and internet services through Lifeline.
KA-02962,informational,311-27|311-73,Same Sex Marriage. Learn about the Marriage Equality Act and getting married as a same-sex couple.
KA-02963,informational,311-50,Sanitation Salvage License Suspension. Gap service for former Sanitation Salvage customers has ended.
KA-02964,informational,311-63,Scaffold Safety Class. Find a certification class for scaffold safety.
KA-02965,submittable,311-95,Scale Inspection. Schedule an inspection of a scale used by retail stores or airports.
KA-02966,unclear,311-104|311-103,School Bullying. Report school bullying or get anti-bullying assistance.
KA-02967,informational,311-104,School Cell Phone Policy. Learn about cell phone rules for public schools.
KA-02968,submittable,311-103,School Construction. Get information or make a complaint about public school renovation or new construction projects.
KA-02969,submittable,311-104|311-103,School Crossing Guard Request. Request a crossing guard for a specific intersection near a school.
KA-02970,informational,311-103,School Curriculum. Learn about public school textbooks and instruction.
KA-02971,submittable,311-104|311-103,School Discipline or Suspension Complaint. Report a problem with how public school staff handled discipline or suspension.
KA-02972,informational,311-103,School Districts. Find a school district.
KA-02973,unclear,311-103,School Document Translation. Request a written translation or oral interpretation of a school or Department of Education document.
KA-02974,unclear,311-102,School Eligibility. Learn who can sign up for public school.
KA-02975,informational,311-102|311-26|311-103,Bilingual Education. Learn about public school programs for students who can't speak or write English well.
KA-02976,unclear,311-102,School Enrollment Application in Braille or Large Print. Get a public school enrollment application in braille or large print.
KA-02977,informational,311-102,School Finder. Get locations and contact information for NYC Public Schools.
KA-02978,informational,311-22|311-103,School Food. Learn about school meals and nutrition standards.
KA-02979,informational,311-56|311-104,School Immunization Requirements. Learn about the shots required for school and day care.
KA-02980,informational,311-103,School Internet Access. Learn about Internet access for public school students.
KA-02981,informational,311-106,"School Leadership Team (SLT). Learn about School Leadership Teams, who develop and support school-based educational policies."
KA-02982,informational,311-103,School Parent Associations. Learn about parent associations at public schools.
KA-02983,informational,311-103,School Parent Support (P311). Learn about the support hotline for parents of public school students.
KA-02984,informational,311-106,School Performance. Learn about the performance of a specific public school and the annual NYC School Survey.
KA-02985,submittable,311-104|311-68|311-103,School Safety Complaint. Report a fight or other safety issue at a public school.
KA-02986,unclear,311-33|311-103,School Shopping Tips. Get tips for smart back-to-school shopping.
KA-02987,informational,311-103,School Success Guide. Get a guide for families to help prepare public school students for the school year.
KA-02988,informational,311-103,School Testing. Learn about citywide and required exams for students.
KA-02989,unclear,311-102,School Transfer. Get help to move from one school to another.
KA-02990,informational,311-103,School Uniforms. Learn about public school uniforms.
KA-02991,informational,311-103,School Zones. Find the zoned school for an address.
KA-02992,informational,311-91,Seastreak Ferry. Learn about or report a problem with Seastreak Ferry.
KA-02993,informational,311-62|311-61|311-68|311-94|311-60,Security Survey. Get a free and confidential security survey for a home or business.
KA-02994,informational,311-96,Sell Goods to the City. Register to get notices of purchases the City is considering.
KA-02995,informational,311-37|311-39,September 11 Memorial and Museum. Learn about the 9/11 Memorial and Museum or schedule a visit to the Reflection Room.
KA-02996,informational,311-35|311-98,Serving Legal Papers. Learn about or get help with serving legal papers.
KA-02997,submittable,311-62|311-61|311-60,Sewage or Flood Clean-Up. Get cleaning and safety information for your home after a flood or sewage overflow.
KA-02998,informational,311-56,Sexual and Reproductive Health. Find a clinic offering sexual and reproductive health services.
KA-02999,informational,311-25|311-56|311-27,Sexual and Reproductive Justice. Learn about sexual and reproductive justice.
KA-03000,informational,311-56,"Sexually Transmitted Infection Test. Get information, testing, and referrals for treatment of sexually transmitted infections (STIs)."
KA-03003,informational,311-51|311-50|311-80,CleaNYC Sidewalk Cleaning. Learn about the CleaNYC program for major commercial areas.
KA-03004,submittable,311-80,Sidewalk Repair Protest. Report a problem with a sidewalk that the City repaired.
KA-03005,submittable,311-33,Sign Hanger Complaint. Make a complaint about a licensed sign hanger.
KA-03006,informational,311-35,"Small Claims Court for Disputes Up to $10,000. Learn about the court that handles disputes between individuals or corporations when the amount of the claim is $10,000 or less."
KA-03007,informational,311-33|311-58|311-60,Smoke Free Air Act. Learn about smoking rules in multiple dwellings. Request a waiver to the Smoke Free Air Act.
KA-03008,informational,311-57|311-62|311-61|311-60,Smoke-Free Housing. Learn about smoke-free buildings and how to create a smoke-free housing policy.
KA-03009,informational,311-58|311-61|311-60,Smoking Policy. Learn about the residential building smoking policy disclosure law.
KA-03010,informational,311-33|311-58|311-94,Sodium Warning Rules. Learn about the rules for chain food service establishments posting warnings about sodium content.
KA-03011,informational,311-102|311-103,Special Education. Find services for public school students with disabilities who are between the ages of 3 and 21.
KA-03012,informational,311-20|311-59|311-61,Special One-Time Assistance (SOTA) for Landlords. Get rent assistance information for landlords.
KA-03014,informational,311-57|311-36,Sports Field or Court Permit. Apply for a permit to reserve a field or court in a park.
KA-03015,unclear,311-36,Sprinklers. Get locations of water sprinkler areas in City parks.
KA-03016,informational,311-94,Start a Small Business. Learn about programs and services for starting a small business or non-profit organization.
KA-03017,informational,311-23,Starter Savings Account. Learn about an affordable bank account program at participating banks and credit unions.
KA-03018,submittable,311-35,State Court. Get information or make a complaint about State Court.
KA-03019,informational,311-47,Staten Island Bluebelt. Learn about the Staten Island Bluebelt maintenance and cleanup program.
KA-03020,informational,311-46|311-68|311-94,Stop Sexual Harassment Act (SSHA). Learn about anti-sexual harassment training in the workplace.
KA-03022,informational,311-81,Street Conditions Observation Unit Team (SCOUT). Learn about a team of inspectors who drive every New York City street once a month and report quality of life conditions for repair.
KA-03023,submittable,311-81,Street Design Manual. Get a manual providing guidelines and options available to improve safety and quality of life in City streets.
KA-03024,informational,311-81,Temporary Holiday Lighting. Register to install temporary holiday lighting attached to City street light poles.
KA-03025,informational,311-81,Street Naming. Learn about having a New York City street co-named.
KA-03026,informational,311-80|311-81,"Street or Sidewalk Utility Markings. Learn about pre-construction markings on a street or sidewalk that indicate underground utility company lines such as gas, electric, water, and cable."
KA-03027,submittable,311-81,Street Ownership. Get land use information about private streets.
KA-03028,informational,311-103,Student Attendance and Absence. Learn about student attendance requirements or report an absence.
KA-03029,informational,311-103,Student Educational Support. Learn about educational support services for students.
KA-03030,informational,311-103,Student Graduation Requirements. Learn about graduation requirements for public schools.
KA-03031,informational,311-21|311-103,Student in Temporary Housing. Learn about educational services for students who are homeless or in temporary housing.
KA-03032,submittable,311-103,Student Promotion. Learn how students advance to the next grade level.
KA-03033,unclear,311-76|311-103,School Records. Request student records and transcripts for a current or former public school student.
KA-03034,submittable,311-57,Summer Heat Health Tips. Learn how to cope with summer heat and conserve energy on the hottest days.
KA-03035,informational,311-42|311-102,Summer Rising. Learn about free summer programs for K-8 students in New York City.
KA-03036,informational,311-23|311-33,Supermarket Savings Guide. Learn about saving money at the supermarket.
KA-03037,informational,311-94,Swimming Pool Operation Technology Course. Learn about the training required to get a Pool Operator Certificate.
KA-03038,informational,311-57|311-36,Swimming Pools. Find a public swimming pool.
KA-03039,submittable,311-57|311-94,Tanning Health Risk Poster and Fact Sheet. Get health risk fact sheets and warning posters for indoor tanning establishments.
KA-03040,informational,311-94,Tattoo Artist Infection Control Course. Learn about the training required to get a Tattoo Artist License.
KA-03042,informational,311-90,Taxi and Limousine Commission's Website. Learn about the official website for taxi information.
KA-03043,informational,311-95,"Taxi Driver License. Apply for a license to drive a taxi, black car, limousine, ambulette, or commuter van."
KA-03044,submittable,311-95,Street Hail Livery Permit Appointment. Schedule an appointment for a TLC Street Hail Livery Permit.
KA-03046,informational,311-57|311-103,Teen Talk Toolkit. Get a toolkit on emotional health topics for teachers and staff at middle and high schools.
KA-03047,informational,311-80,Telecom Equipment. Learn about telecommunication boxes and antennas on street poles.
KA-03048,informational,311-33,Telemarketing Do Not Call Registration. Register to stop getting calls from telemarketers.
KA-03051,informational,311-33,Ten Things Every Consumer Should Know Pocket Guide. Learn about consumer rights.
KA-03052,informational,311-64|311-59,Tenant Interim Lease (TIL) Program. Get information or make a maintenance complaint about a Tenant Interim Lease Program (TIL) building.
KA-03053,informational,311-57|311-36,Tennis Permit. Apply for a permit to play on a public tennis court.
KA-03054,submittable,311-107|311-109|311-108,The Green Book. Get the official directory of the City of New York.
KA-03055,informational,311-37,"Theaters and Performing Arts Centers. Learn about places that hold dance, music, or theater performances."
KA-03056,submittable,311-21|311-20|311-59,Three Quarter Housing. Get help for residents in three quarter housing.
KA-03057,informational,311-57,"Ticks. Learn about ticks, which are small bugs that bite and suck blood from people and animals."
KA-03059,informational,311-33|311-110,Towing Guide. Learn about private towing services.
KA-03060,informational,311-81,Tractor-Trailer Parking Rules. Learn about the rules and fines for parking commercial vehicles on residential streets.
KA-03061,informational,311-95,Trade Waste License and Registration. Apply for a trade waste license and registration.
KA-03062,informational,311-92|311-113|311-81,Traffic Rules. Get a copy of New York City's traffic rules.
KA-03063,informational,311-92|311-114|311-81,"Traffic Safety. Learn about traffic safety rules, programs, and how to request safety improvements."
KA-03064,informational,311-95|311-115,Truck or Commercial Vehicle Permit. Apply for a Truck or Commercial Vehicle Permit.
KA-03065,informational,311-111|311-113|311-94,Truck Traffic Rules and Routes. Learn about truck routes and regulations from NYC Department of Transportation Traffic Rules.
KA-03066,submittable,311-56,Tuberculosis. Get screening or treatment for tuberculosis.
KA-03067,informational,311-83|311-94,Unincorporated Business Tax. Learn about the Unincorporated Business Tax (UBT).
KA-03068,informational,311-33|311-58|311-68,Unsafe Product. Learn about or report the sale of pesticides or other unsafe products.
KA-03069,unclear,311-66,Surrender a Pet. Learn what to do with a pet you can't keep.
KA-03070,informational,311-112|311-33,Used Car Guide. Get consumer information about shopping for secondhand vehicles.
KA-03071,informational,311-83|311-94,Utility Tax. Learn about taxes for utilities and vendors of utility services.
KA-03073,informational,311-77|311-114,Vehicle Accident Report. Get a copy of a Vehicle Accident/Police Crash Report.
KA-03074,informational,311-112|311-33,Vehicle Auction. Learn about surplus auto and seized vehicle auctions.
KA-03075,informational,311-83|311-94,Tax Clearance Certificate. Apply for a clearance certificate showing that you paid City taxes.
KA-03076,submittable,311-80,Telephone Pole or Wire Complaint. Report a problem with a telephone pole or wires.
KA-03077,informational,311-62|311-61|311-60,"Verizon Telephone, Internet, and Cable Service. Learn about or get help with Verizon telephone, internet, and cable service."
KA-03079,informational,311-56|311-30,Veteran Health Care. Learn about health care options for veterans.
KA-03080,informational,311-20|311-61|311-30,Veteran Housing Incentives for Landlords. Learn about or get help with the Veterans Housing Incentive program.
KA-03081,informational,311-114|311-68,VIN Etching. Learn about VIN etching at local police precincts.
KA-03082,submittable,311-38|311-39,"NYC Visitor Information. Get information for tourists and other visitors about New York City hotels, restaurants, attractions, and events."
KA-03083,informational,311-35|311-73,Vital Records Attorney Request. Learn about the rules for an attorney submitting a vital records request on behalf of a client.
KA-03084,informational,311-71|311-72|311-58,"Vital Records EVERS System. Get help for users of EVERS, the registration system of births and deaths in New York City, which is being replaced by eVital."
KA-03085,informational,311-82,Voluntary Disclosure of Taxes Owed and Compliance (VDCP). Learn about a program for taxpayers who owe taxes and want to file past due returns and pay outstanding tax amounts.
KA-03089,informational,311-62|311-61,3-Day or 10-Day Water Notice. Learn about a notice telling property owners to repair water pipes because a leak was detected.
KA-03090,informational,311-94|311-47,"Water Potability Certificate. Apply for a water potability certificate, which confirms that water is safe to drink."
KA-03091,informational,311-62|311-61|311-94,Water Service. Learn about having water service turned on or off for a residential or commercial property.
KA-03092,informational,311-94|311-47,Water Vessel for Shipping Hydrant Certificate. Apply for certification to unload water from a shipping hydrant for general use.
KA-03093,informational,311-95,Waterfront Permit. Apply for a permit for construction on waterfront properties under the jurisdiction of Small Business Services.
KA-03094,unclear,311-94,Wheelchair Friendly Decal. Get a decal that promotes that a food service establishment is accessible to wheelchairs.
KA-03096,informational,311-44|311-43|311-36|311-80|311-103,Wi-Fi. Learn about free public Wi-Fi and find places to connect to the Internet.
KA-03097,informational,311-62|311-61|311-60,Window Guard. Learn about window guards and preventing window falls.
KA-03098,unclear,311-69|311-58,"Winter Weather Safety. Learn how to stay warm, healthy, and safe during winter storms and extreme cold."
KA-03099,informational,311-44|311-23|311-25|311-35|311-56|311-94,"Women NYC. Learn about programs, resources, and support for women."
KA-03100,informational,311-56,"Health Services for Women. Get a mammogram, prenatal care, preventative care, or health screenings for women."
KA-03101,informational,311-46|311-69,Workers' Compensation. Learn about insurance that provides cash or medical care for workers who are injured or become ill as a result of their job.
KA-03102,informational,311-56|311-69,World Trade Center Health Program. Learn about the World Trade Center Health Program.
KA-03103,informational,311-25|311-45|311-27|311-58|311-68|311-103,Young Men's Initiative. Learn about programs and policies to address disparities that impact boys and men of color.
KA-03104,informational,311-36,Youth Baseball and Defibrillators (AEDs). Learn about Automated External Defibrillator (AED) and trained responder requirements for youth baseball leagues.
KA-03105,informational,311-46|311-45,Youth Employment Working Papers. Learn about the papers required for employees under age 18.
KA-03106,informational,311-25|311-56|311-21|311-27,"Youth Services and Counseling. Get resources for young people, troubled youth, and their families, including Community Connect and walk-in centers."
KA-03107,informational,311-45|311-94,"Youth Employment. Learn about employment programs for young people, including SYEP."
KA-03108,unclear,311-36,"Zoos and Aquariums. Get locations, hours, and contact information for zoos and aquariums."
KA-03109,submittable,311-107,"New York City Public Schools Feedback. Submit a complaint or compliment about public school teachers, principals, other NYCPS staff members, or the NYCPS Chancellor."
KA-03110,informational,311-37|311-25|311-70|311-26|311-36,IDNYC Documents Required to Apply. Get information about required documents to prove identity and New York City residency when applying for IDNYC.
KA-03111,informational,311-37|311-25|311-70|311-26|311-36,"IDNYC Complaints, Status, and Questions. Get information about IDNYC issues, status of an application, and their Mobile Enrollment Center."
KA-03112,unclear,311-62|311-61|311-68|311-80|311-60,Drug Use. Report illegal drug use.
KA-03113,informational,311-28|311-68,Adult Protective Services. Get help for an adult age 18 or older who has mental or physical disabilities or make a complaint about the Adult Protective Services program.
KA-03115,informational,311-23,"Cash Assistance. Learn about or report a problem with Cash Assistance, work requirements, and job center locations."
KA-03116,informational,311-78|311-109,Service Requests. Learn about Service Requests submitted through NYC311 to City Agencies.
KA-03117,informational,311-23|311-46,"Social Security. Apply for or report changes to a Social Security, Disability, or SSI benefit. Apply for, renew, replace, or update a Social Security card or number."
KA-03118,informational,311-25|311-40,"Child Care Financial Assistance. Apply for financial assistance to pay for child care, get an application status, find a child care program, or re-certify your benefits."
KA-03119,informational,311-62|311-28|311-85|311-61,Disabled Homeowners' Exemption (DHE) Renewal. Renew the Disabled Homeowners' Exemption.
KA-03120,informational,311-62|311-85|311-61,"Property Tax Exemption Assistance. Get help with SCHE, DHE, STAR, Veterans, Clergy, and Crime Victim homeowner exemptions."
KA-03121,informational,311-62|311-29|311-85|311-61,Senior Citizen Homeowners' Exemption (SCHE) Renewal. Renew the Senior Citizen Homeowners' Exemption.
KA-03122,informational,311-62|311-85|311-61|311-30,Veterans Property Tax Exemption. Apply for or get help with the Veterans Property Tax Exemption.
KA-03123,unclear,311-110,Towed Vehicle Reclaim from NYPD. Reclaim a vehicle towed or in the process of being towed by the New York Police Department.
KA-03124,unclear,311-110,Towed Vehicle Reclaim from Marshal or Sheriff. Reclaim a vehicle towed or in the process of being towed by a Marshal or Sheriff.
KA-03125,informational,311-64|311-62|311-74|311-85|311-61,"Property Value Appeal. Appeal the assessed value, tax class, or exemption listed on your Notice of Property Value (NOPV)."
KA-03126,informational,311-37|311-25|311-70|311-26|311-36,"IDNYC Card Corrections, Changes, and Lost Cards. Get help with updating IDNYC card information or replacing a lost or damaged card."
KA-03127,informational,311-93|311-92|311-91|311-78|311-26|311-115|311-111|311-113,"Department of Transportation Document Translation. Request a translation of DOT forms, guides, and other literature in a language not currently available."
KA-03128,informational,311-102,Family Welcome Centers. Find a Family Welcome Center for assistance with public school enrollment.
KA-03129,unclear,311-97,Bail Refund. Get cash bail refund information and assistance.
KA-03137,submittable,311-62|311-29|311-28|311-85|311-61|311-30,Department of Finance Public Events. Attend an event to apply for or renew Rent Freeze and property tax benefits or get help with property tax value and the lien sale.
KA-03138,informational,311-64|311-62|311-85|311-61,Property Market Value Review. Challenge the City's assessment of your property's market value on your Notice of Property Value (NOPV).
KA-03139,informational,311-64|311-62|311-74|311-85|311-61,Property or Vacant Land Description Update. Request a correction of the property or vacant land data on your Notice of Property Value (NOPV).
KA-03140,submittable,311-25,Voluntary Placement of a Child in Foster Care. Get help for parents who are unable to care for a child or teenager.
KA-03141,informational,311-25|311-102|311-40|311-103,3-K Enrollment. Learn about 3-K enrollment.
KA-03146,submittable,311-83|311-35|311-95|311-85|311-94,Power of Attorney for Department of Finance. Authorize someone else to represent you in business tax matters with the Department of Finance.
KA-03159,submittable,311-64|311-61|311-60,Child Proof Stove Knob Covers Complaint. Report that child proof stove knob covers are not provided to a tenant.
KA-03167,informational,311-24|311-55,Health Insurance Application Assistance. Get information about free in-person enrollment assistance to find a health insurance plan.
KA-03168,unclear,311-33|311-84,Earned Income Tax Credit (EITC). Learn how to claim the Earned Income Tax Credit.
KA-03169,informational,311-36|311-58,Invasive Plant Species. Learn about and report invasive plant species.
KA-03171,informational,311-33|311-35|311-29,Legal Assistance and Inquiries for Older Adults. Learn about legal service providers that provide free legal assistance specifically for seniors.
KA-03172,informational,311-21|311-20|311-59,CityFHEPS Rental Assistance. Learn about rental assistance for low-income families and individual adults who live in shelter or are at risk of becoming homeless.
KA-03174,informational,311-56|311-57,"Fentanyl Poster and Flyer. Order a poster, flyer, or postcard with information about Fentanyl and overdose prevention."
KA-03175,informational,311-56|311-57,Naloxone Poster. Order a poster of a person with their story of using Naloxone to save someone who was overdosing.
KA-03176,informational,311-57|311-94,Hookah Warning Signs. Order warning signs for permitted non-tobacco hookah establishments.
KA-03178,informational,311-25,Paternity Test. Get access to low-cost DNA testing provided by a state-certified lab to determine a child’s biological parents.
KA-03180,informational,311-113,Off-Hour Delivery Program. Learn about the program that encourages delivery of goods in specific neighborhoods between 7 PM and 6 AM.
KA-03181,unclear,311-23|311-89,Fair Fares NYC. Get general information about the Fair Fares NYC discount program for low-income New Yorkers.
KA-03182,submittable,311-23|311-89,Fair Fares NYC Complaint. Make a complaint about the Fair Fares NYC program or its employees.
KA-03183,submittable,311-23|311-89,"Manage Your Fair Fares NYC Discount. Report a Fair Fares NYC OMNY card or Fair Fares NYC MetroCard that is lost, stolen, damaged, expired, or not working."
KA-03184,informational,311-26,New York State DREAM Act. Learn about a new state law that allows more people to access state financial aid and get help with the application process.
KA-03185,informational,311-61|311-60,Gas Leak Notice. Learn about a notice that building owners must provide to advise tenants of procedures to follow when a gas leak is suspected.
KA-03187,informational,311-51|311-31,Community Cleanup Tool Loan Program. Get supplies and tools for neighborhood cleanup projects.
KA-03188,informational,311-62|311-85|311-61,Property Tax Payment Deferral. Request an agreement to defer property tax and interest payments for homeowners experiencing hardship.
KA-03189,submittable,311-56,Pharmacist Complaint. Report professional misconduct by a pharmacist.
KA-03190,informational,311-64|311-62|311-61|311-60,"Department of Buildings (DOB) After Hours Sessions. Small business and property owners, building managers, tenants and more can ask DOB questions about renovations, violations, permits, etc."
KA-03191,informational,311-90,Taxi and For-Hire Vehicle Congestion Surcharge. Learn about the congestion surcharge for taxis and for-hire vehicles.
KA-03192,informational,311-107,Civic Engagement Commission. Learn about the Civic Engagement Commission and the role they serve within the community.
KA-03196,informational,311-45,Cable Installation Training. Learn about a free training program that helps unemployed and underemployed New Yorkers access careers in low-voltage cabling.
KA-03198,informational,311-45|311-115,Commercial Driving Training. Learn about a free training program that helps unemployed New Yorkers start a new career in commercial driving.
KA-03201,informational,311-45,Nurse Licensing Exam Preparation for Immigrant Nurses. Learn about a free training program that helps immigrant nurses prepare for and pass the nurse licensing exam.
KA-03203,informational,311-45,NYC CoolRoofs Job Training and Placement. Learn about a program that provides training and pay to install cool roofs and low- or no-cost cool roof installation for eligible building owners.
KA-03205,informational,311-45,Theatrical Workforce Development Program. Learn about a free training program that prepares young adults ages 18 to 24 for careers as theater technicians.
KA-03206,submittable,311-35|311-110,Parking Ticket or Camera Violation Advocate. Get help if you've been unable to resolve a parking or camera violation issue through the normal process.
KA-03217,informational,311-68,"Animal Abuse Registry. Learn about the Animal Abuse Registry, including how NYC residents convicted of an animal abuse crime can register with the Abuse Registry."
KA-03218,informational,311-26,Immigration and Customs Enforcement (ICE) Raids. Learn about your rights as an immigrant and assistance in dealing with ICE.
KA-03221,informational,311-107,NYC311 Accounts. Learn how to sign up for an online account to create and track NYC311 Service Requests. Get help with an account issue.
KA-03224,informational,311-102|311-103,Specialized High Schools. Learn about high schools for students who excel academically or artistically.
KA-03227,informational,311-33|311-62|311-61|311-60,Broadcast Television Rescan. Learn about broadcast television channel rescan.
KA-03230,informational,311-56|311-27,"Know Your HIV Status Health Bulletin. Get the Stop HIV in NYC: Know Your HIV Status"" health bulletin."
KA-03232,informational,311-26,Public Charge Rule. Learn about possible immigration effects of using public benefits.
KA-03234,informational,311-57|311-36,Make NYC Your Gym Health Bulletin. Get a health bulletin which describes convenient ways to engage in low-cost fitness activities in New York City.
KA-03235,submittable,311-25|311-57,Social and Emotional Development Parent's Guide. Get age-specific pamphlets on social emotional development for parents and caregivers of children from ages 1 to 10 years old.
KA-03236,informational,311-25|311-57,"Your New Baby Brochure. Get a copy of the ""Your New Baby"" brochure."
KA-03237,unclear,311-25|311-57,Enjoy Your Baby Pamphlet. Get a pamphlet on social and emotional development for parents and caregivers of babies.
KA-03241,informational,311-57,Syringe Service Programs Guide. Get a palm card that explains what Syringe Service Programs (SSPs) are and lists the SSPs operating in New York City.
KA-03242,unclear,311-57,"Child Use of Prescription Painkillers or Heroin Brochure. Get a brochure about opioids, overdose, addiction and treatment for young people and adolescents experiencing opioid use disorder/addiction."
KA-03243,informational,311-57,K2 (Synthetic Cannabinoids). Learn about K2 and its health risks.
KA-03246,informational,311-45,First Course NYC. Learn about a paid apprenticeship program that provides participants with classroom and on-the-job training to become a line cook.
KA-03252,informational,311-53,Voter Registration. Register to vote or check your registration status.
KA-03254,informational,311-56,Find a Doctor. Get an appointment with a primary care physician.
KA-03264,informational,311-31,Coat Drive. Learn about the annual New York Cares Coat drive.
KA-03268,informational,311-33|311-94,Store Air Conditioning Law. Learn about the required sign for air conditioning complaints that chain stores must post.
KA-03273,informational,311-21|311-31,Homeless Outreach Population Estimate (HOPE). Volunteer to survey New Yorkers experiencing unsheltered homelessness.
KA-03275,informational,311-64|311-62|311-85|311-61,Storefront Registration. Learn about annual registration for property owners of ground floor or second floor commercial spaces.
KA-03277,informational,311-29,Home Repair Assistance for Seniors. Learn about free home repair for a low-income or moderate-income senior age 60 and older.
KA-03279,informational,311-62|311-61,Multifamily Building Capital Improvement Loans. Learn about loans for moderate or substantial rehabilitation of multifamily (3 units or larger) rental buildings.
KA-03280,submittable,311-33,Tax Preparation Business Tips. Get consumer information and know your rights when hiring a tax preparer.
KA-03281,informational,311-82|311-31,Volunteer to Prepare Taxes. Help New Yorkers complete their tax returns and claim tax credits.
KA-03288,informational,311-56|311-58,"Coronavirus (COVID-19). Learn about symptoms, prevention, and health guidance for COVID-19."
KA-03291,submittable,311-60,Building Not Registered Complaint. Report an unregistered 1-2 family home that is not occupied by the owner or owner's family.
KA-03292,submittable,311-33|311-56,Dentist Complaint. Report professional misconduct by a dentist.
KA-03296,informational,311-61|311-60,Rent Increases. Learn about rent increases for rent regulated or stabilized apartments and lofts.
KA-03302,submittable,311-33,Cash Payment Refusal. Report a store that doesn't accept cash as a form of payment.
KA-03304,informational,311-22,"Food Resources. Get free food, including groceries and meals."
KA-03307,informational,311-21|311-20|311-59|311-61,"Home Support Unit. Learn about how landlords, brokers, and property managers can lease qualified vacant apartments to New Yorkers eligible for rental assistance."
KA-03309,submittable,311-68,911 Information. Learn how to text with 911 and send them a file attachment related to an emergency.
KA-03316,informational,311-89|311-81,Better Buses Program. Learn about the City's plan to improve bus service by adding bus lanes and busways.
KA-03317,informational,311-56|311-24|311-55|311-58,NYC Care. Learn about health care services for New Yorkers who cannot afford insurance or are not eligible for it.
KA-03318,informational,311-58,Health Survey 50. Learn about the City's Health Survey 50.
KA-03321,submittable,311-33|311-80|311-81,Outdoor Dining Complaint. Report a problem with an outdoor dining structure or a restaurant or bar offering outdoor dining without authorization.
KA-03322,informational,311-56|311-58,Coronavirus (COVID-19) Testing. Get a COVID-19 test.
KA-03323,informational,311-69|311-58,"Cool It! NYC. Find places near you outdoors to hydrate, refresh, and stay in the shade."
KA-03327,informational,311-36|311-81,"Open Streets. Learn about the program that transforms streets into open public space for pedestrians, cyclists, and school activities."
KA-03328,informational,311-25|311-68,Cure Violence Program. Learn about how to identify and reduce the spread of violence.
KA-03333,submittable,311-45,"Career Discovery NYC. Website for New Yorkers to learn about specific careers, in specific industries, and the necessary skills needed to be hired in those jobs."
KA-03336,informational,311-35|311-12,"Mediating Establishment and Neighbor Disputes (MEND) NYC. Free mediation service dedicated to resolving quality of life disputes between restaurants, bars, and nightlife establishments and their neighbors."
KA-03347,informational,311-69,East Side Coastal Resiliency Project. Learn about the East Side Coastal Resiliency Project.
KA-03350,submittable,311-40|311-81|311-103,"Outdoor Learning. Learn how schools and day care centers can use City streets, play yards, and parks for classes."
KA-03353,informational,311-63|311-64|311-95,Gas Piping System Inspection Certification. Learn about gas piping system inspection certification and Local Law 152 of 2016.
KA-03354,informational,311-95,Food Cart Vendor License. Apply for or renew a license to sell food from a pushcart or truck year-round.
KA-03357,emergency,311-69|311-68,Wellness Check. Call 911 to request a wellness check for someone you haven't been able to contact.
KA-03358,unclear,311-46|311-94,Employee Ownership NYC. Learn how to transition a business to employee ownership.
KA-03360,unclear,311-56|311-58,Coronavirus (COVID-19) Vaccine. Get the COVID-19 vaccine.
KA-03365,informational,311-64|311-62,Zombie Homes Initiative. Learn about HPD's Zombie Homes Initiative that works to address problems of neglected or deteriorated vacant and abandoned small homes.
KA-03366,informational,311-69,"Partners in Preparedness. Learn about support available for organizations to prepare their employees, services, and facilities for emergencies."
KA-03372,informational,311-90,"Car Services. Learn about car service operations, fares, and rules in New York City."
KA-03375,informational,311-62|311-61|311-68|311-80,Cannabis Legalization. Learn about legislation regarding the use of cannabis (marijuana) for adults in New York State.
KA-03377,informational,311-97|311-107,Reclaim Property from NYPD. Learn about how to get your property back if it is in NYPD custody.
KA-03378,emergency,311-68|311-80,Cannabis Sale Outside. Call 911 to report the sale of cannabis (marijuana) at an outside location.
KA-03379,emergency,311-68|311-80,Marijuana Use by a Minor. Call 911 to report the use of marijuana by a minor under the age of 21.
KA-03385,informational,311-62,Homeowner and Mortgage Relief Scams. Learn about homeowner and mortgage relief scams.
KA-03388,informational,311-109,Census. Learn about the U.S. Census.
KA-03390,informational,311-20|311-59|311-60,HCR NYC 2021 Section 8 Waitlist Status. The New York State Homes and Community Renewal (HCR) 2021 NYC Section 8 waitlist is closed. Applicants can check status or update contact info.
KA-03391,informational,311-33,Shop Your City. Learn about the campaign to support small businesses throughout New York City.
KA-03392,informational,311-23|311-20|311-59|311-61|311-60,Emergency Rental Assistance Program (ERAP). Learn about the Emergency Rental Assistance Program (ERAP) for eligible low- and moderate-income households.
KA-03437,informational,311-62,"Homeowner Help Desk. NYC homeowners can get help with issues, including mortgage fraud or scams, lien debt, repairs, and foreclosure."
KA-03439,informational,311-95|311-94,NYC Business Express Service Team (BEST). Learn about an interagency initiative led by the Department of Small Business Services (SBS) to help businesses reopen and navigate City regulations.
KA-03441,informational,311-59|311-60,Emergency Housing Voucher Program. Learn about the 2021 American Rescue Plan Emergency Housing Voucher (EHV) Program.
KA-03442,informational,311-92|311-36,Shared E-Scooter Program. Learn about the shared electric scooter program in the East Bronx and Eastern Queens.
KA-03444,informational,311-69,FEMA Wireless Emergency Alert System Tests. Learn about the Wireless Emergency Alert System (WEAs) and the Emergency Alert System (EAS).
KA-03449,informational,311-62|311-36|311-67|311-61|311-80|311-81|311-60,Spotted Lanternfly. Learn about the Spotted Lanternfly (SLF) and report signs of SLF infestation.
KA-03451,informational,311-62|311-67|311-66|311-61,Dead Animal on Private Property. Learn how to dispose of dead pets or wildlife on your property.
KA-03452,informational,311-64,"ElectrifyNYC. Learn about a free program that supports 1-4 family homeowners to install efficient and clean energy technologies, such as solar and air-source heat pumps."
KA-03454,informational,311-95,Public Solicitation License. Apply for a license to solicit donations for charitable purposes.
KA-03455,submittable,311-49,"FAIRER (Fines and Interest Reduction Enabling Recovery) Program. The deadline to apply for the temporary FAIRER Program was March 21, 2022."
KA-03457,unclear,311-69,Severe Weather. Learn how to prepare for severe weather events.
KA-03460,informational,311-35|311-30,Veteran Legal Assistance. Learn about legal service providers that provide free legal assistance for veterans.
KA-03462,informational,311-50|311-33,"Plastic Straw Rules. Learn about rules for plastic straws, splash sticks, or stirrers at food establishments. Report a food establishment violating the rules."
KA-03463,informational,311-80,Tree Guard. Learn about installing a tree guard for a City tree.
KA-03464,informational,311-25|311-56,New Family Home Visits. Learn about a program that provides home visits from trained health workers to an expectant or new parent who has recently given birth.
KA-03468,submittable,311-46|311-94,Delivery App Worker Assistance. Get help for delivery workers and the apps that employ delivery workers.
KA-03469,informational,311-95,Third-Party Food Delivery Service License. Apply for a license to operate an online third-party food delivery service (delivery app).
KA-03470,submittable,311-33|311-46|311-94,Delivery App Complaint. Make a complaint about a food delivery app.
KA-03473,informational,311-57,Lifestyle Medicine Program. Learn about the Lifestyle Medicine Program.
KA-03474,informational,311-96|311-94,"City Contracts for Existing Vendors. Learn about doing business with New York City, including contracts, programs, payments, and business opportunities for existing vendors."
KA-03476,informational,311-37,Cool Culture Family Pass. Learn how to get a card that allows families free and unlimited general admission to 90 participating cultural institutions in New York City.
KA-03477,submittable,311-50|311-94|311-81,"Clean Curbs. Apply to use sealed, on-street containers to hold commercial waste."
KA-03478,submittable,311-33,Movie Theater Complaint. Report a movie theater not using open captions or other problems.
KA-03479,informational,311-64|311-50,Waste Management Plan. Learn about the requirement for large buildings to show how they will manage waste generated by their residents.
KA-03480,informational,311-36,Scattering Ashes and Cremated Remains in Parks. Learn about the rules for scattering ashes and cremated remains in NYC parks.
KA-03481,informational,311-107,City Vehicles. Learn about resources for drivers of City-owned vehicles.
KA-03482,informational,311-95,Construction Labor Provider License. Apply for the license to employ and supply workers for construction sites.
KA-03483,informational,311-12|311-47,"Water Tunnel No. 3 Construction. Learn about DEP's Water Tunnel No. 3 construction project and related controlled blasting in Long Island City, Queens."
KA-03484,informational,311-56|311-58,"Monkeypox (Mpox). Get information about symptoms, prevention, and other health guidance for monkeypox (mpox)."
KA-03485,informational,311-69,Know Your Zone. Find out if you're in one of the City's hurricane evacuation zones.
KA-03486,submittable,311-89|311-80,"Bus Arrival Sign. Get information, report a problem, or suggest a location for a sign with real-time bus arrival information."
KA-03488,submittable,311-46,Construction Labor Provider Complaint. Make a complaint about a business that employs and supplies workers for construction sites.
KA-03490,informational,311-102|311-103,A School Without Walls. Learn about a public high school program offering hybrid and virtual learning options.
KA-03492,submittable,311-111|311-81|311-110,"Paper License Plate Complaint. Report the use or sale of unauthorized paper license plates, also known as ghost plates."
KA-03493,informational,311-47,Rainfall Ready NYC. Learn about the Department of Environmental Protection's (DEP) Rainfall Ready NYC action plan.
KA-03499,informational,311-56|311-58,"Polio. Get information about symptoms, prevention, and other health guidance about polio."
KA-03501,informational,311-62|311-85|311-61,"Property Tax Rebate. The deadline to apply for this one-time property tax rebate was March 15, 2023."
KA-03502,unclear,311-26,Asylum Seekers. Learn how asylum seekers can get help accessing services and resources to help them integrate in New York City.
KA-03503,informational,311-95,"Cannabis Licensing. Learn about licenses required to participate in New York's adult-use, medical, and cannabinoid hemp industries."
KA-03505,informational,311-23|311-43|311-33,"Federal Student Loan Forgiveness. Learn about federal student loan forgiveness, including important deadlines."
KA-03510,informational,311-50|311-33|311-31,"Clothing Disposal. Learn how to donate and recycle clothing, shoes, linens and accessories."
KA-03515,submittable,311-64|311-33|311-62|311-61|311-60,Electric Space Heater Sale Complaint. Report electric space heaters sold without required safety features or disclosures.
KA-03516,submittable,311-33,Restaurant Complaint. Report a problem with a restaurant.
KA-03517,submittable,311-33,Moving Company Complaint. Report a problem with a moving company.
KA-03518,submittable,311-33,E-Cigarette Sale Complaint. Report a problem with a store that sells e-cigarettes.
KA-03530,informational,311-46|311-94,Salary Transparency Law. Learn about the Salary Transparency Law.
KA-03532,unclear,311-25,Car Seats for Families in Need. Get a free child's car seat if you can't afford one.
KA-03533,submittable,311-33,Tour Guide Complaint. Make a complaint about a tour guide.
KA-03535,submittable,311-33,"Barber Shop or Salon Complaint. Report a problem with a barber shop, beauty salon, or nail salon."
KA-03536,submittable,311-33,"Cannabis Retail Sale Complaint. Report a problem with a store that sells cannabis, including unlicensed businesses."
KA-03537,submittable,311-56|311-24|311-30,CoveredNYCVet. Learn how to connect with a CoveredNYCVet specialist who can provide healthcare options for veterans.
KA-03538,unclear,311-107,باللغة العربية NYC311 التواصل مع. باللغة العربية NYC311 التواصل مع
KA-03539,unclear,311-107,বাংলায় NYC311 এর সাথে সংযুক্ত হন. বাংলায় NYC311 এর সাথে সংযুক্ত হন
KA-03540,informational,311-107,Connect with NYC311 in Other Languages. Connect with NYC311 in Other Languages
KA-03541,informational,311-107,"NYC311 Language Access. Learn how to connect with NYC311 in Arabic, Bengali, Chinese, French, Haitian Creole, Korean, Polish, Russian, Spanish, or Urdu."
KA-03542,unclear,311-107,Contacter NYC311 en français. Contacter NYC311 en français
KA-03543,unclear,311-107,Konekte avèk NYC311 an Kreyòl Ayisyen. Konekte avèk NYC311 an Kreyòl Ayisyen
KA-03544,unclear,311-107,한국어로 NYC311과 소통하기. 한국어로 NYC311과 소통하기
KA-03545,unclear,311-107,Nawiąż kontakt z NYC311 po polsku. Nawiąż kontakt z NYC311 po polsku
KA-03546,unclear,311-107,Обратитесь за помощью в NYC311 на русском языке. Обратитесь за помощью в NYC311 на русском языке
KA-03547,unclear,311-107,Comuníquese con NYC311 en español. Comuníquese con NYC311 en español
KA-03548,unclear,311-107,کے ساتھ اردو میں جڑیں NYC311. کے ساتھ اردو میں جڑیں NYC311
KA-03549,unclear,311-107,使用中文与 NYC311 联系. 使用中文与 NYC311 联系
KA-03550,unclear,311-107,使用中文與 NYC311 聯絡. 使用中文與 NYC311 聯絡
KA-03551,informational,311-71|311-58,Delayed Birth Registration. Get a birth certificate for a birth that wasn't registered.
KA-03552,informational,311-35|311-46|311-94,Automated Employment Decision Tools. Learn about the law for automated tools that help with employment decisions.
KA-03554,informational,311-62|311-85|311-61,Clean Energy Systems Exemption. Learn about the New York State Clean Energy Systems property tax exemption.
KA-03555,informational,311-83|311-85,Childcare Center Abatement. Learn about the Childcare Center property tax abatement.
KA-03557,unclear,311-23|311-25|311-107|311-94,"MyCity. Learn how New Yorkers can easily search, apply for, and track City services and benefits."
KA-03558,informational,311-23,Big Apple Connect. Learn about free internet for NYCHA residents.
KA-03559,submittable,311-64|311-33|311-61|311-60,"Short-Term Rental Registration. Local Law 18 requires Short-Term Rental hosts to register with the City and Airbnb, VRBO, and other booking services to verify valid registration."
KA-03561,informational,311-64|311-68|311-94|311-60,"Fire Safety. Learn about fire safety from the Fire Department, including fire safety notices. Request a fire safety education speaker."
KA-03562,informational,311-72,Stillbirth or Miscarriage Certificate. Order or correct a certificate recording the death of a fetus.
KA-03563,informational,311-72,Death Certificate Change. Correct or update a death certificate.
KA-03564,informational,311-22,SNAP Nutrition Incentives. Learn about nutrition incentive programs that help SNAP recipients get fresh fruits and vegetables and other healthy foods.
KA-03565,submittable,311-64|311-61|311-68|311-60,"Lithium-Ion Battery Safety and Complaint. Learn how to store, charge, and get rid of lithium-ion batteries safely. Report someone not following guidelines or counterfeit batteries."
KA-03570,submittable,311-64|311-28|311-60,Building or Public Space Accessibility Complaint. Report a building or public space that does not meet local accessibility requirements for people with disabilities.
KA-03573,informational,311-102|311-103,Digital Learning Devices. Get help with DOE Digital Learning Devices that are used for remote learning.
KA-03574,informational,311-61,Bed Bug Annual Report. Learn about filing Bedbug Annual Report for Property Owners.
KA-03576,informational,311-69,"Share Your Space Survey. Learn about a survey that identifies spaces in your community that could support City emergency operations, community outreach events, or asylum seekers."
KA-03577,informational,311-57|311-103,School Health and Wellness. Get information about school health and wellness including medical exams and vaccine requirements.
KA-03578,informational,311-57,Public Health Vending Machines. Access free health and wellness supplies in vending machines.
KA-03582,unclear,311-42|311-57,High School Summer Pass. Learn how teens ages 14 to 19 can get free access to Planet Fitness clubs across the five boroughs through August 31.
KA-03583,submittable,311-35|311-94,Health Department Violation Correction. Learn how to correct a violation issued by the Department of Health and Mental Hygiene (DOHMH).
KA-03584,submittable,311-111|311-81|311-110,Obscured License Plate Complaint. Report a vehicle with a covered license plate.
KA-03588,informational,311-50|311-33,"Skip the Stuff. Learn about the restrictions on providing utensils, condiments, napkins, and extra containers for take-out or delivery."
KA-03589,informational,311-23|311-68,Electronically Stolen Cash Assistance Benefit Replacement. Replace Cash Assistance benefits that were electronically-stolen from your EBT card.
KA-03594,informational,311-113|311-110,BQE Vehicle Weigh-In-Motion (WIM) Program. Learn about the new enforcement program for overweight trucks traveling on the Brooklyn-Queens Expressway (BQE).
KA-03596,informational,311-56|311-24|311-21|311-45|311-29|311-85|311-89|311-31,Older Adults Support. Learn about services for older adults and their caregivers.
KA-03599,submittable,311-92|311-33,"Electric Bike, Scooter, or Storage Battery Sale Complaint. Report the sale of uncertified e-bikes, scooters, and their storage batteries."
KA-03600,informational,311-83|311-94,Child Care Business Tax Credit. Learn about refundable tax credit for businesses that provide free or subsidized infant/toddler care for their employees.
KA-03601,informational,311-12|311-47,Gowanus Canal Construction Project. Learn about Gowanus Canal Construction Project. Report excessive or after hours construction noise.
KA-03602,informational,311-50,"Residential Waste Containerization. Learn about plans, timelines, and rules for residential non-recyclable waste containerization."
KA-03604,informational,311-33|311-80|311-81,Outdoor Dining Information and Application. Learn about the permanent outdoor dining program that allows restaurants to add outdoor seating to sidewalks and streets.
KA-03606,unclear,311-68,Smoke Alarm Installation. Learn how residents can get a smoke detector installed in their home for free.
KA-03607,submittable,311-25|311-56,NYC Teenspace. Get free online therapy and mental health support for ages 13 to 17.
KA-03608,informational,311-56,"Respiratory Syncytial Virus (RSV). Learn about respiratory syncytial virus (RSV), a common respiratory virus."
KA-03609,informational,311-64|311-62,Plus One Accessory Dwelling Unit (ADU) Program. Learn about HPD's program for homeowners to build or convert Accessory Dwelling Units (ADUs) on their property.
KA-03610,submittable,311-64,Solar or Green Roof Non-Compliance. Report roof construction that does not comply with Local Law 92 or 94 of 2019.
KA-03611,informational,311-63|311-64|311-62,Solar Panels and Green Roofs. Learn about laws and benefits for solar panels and green roofs.
KA-03612,informational,311-113,Congestion Pricing Program. Learn about the congestion pricing program.
KA-03614,submittable,311-33|311-62|311-61|311-60,Gas Company Complaint. Report a problem with a gas company.
KA-03615,submittable,311-33|311-62|311-61|311-60,Electric Company Complaint. Report a problem with an electric company.
KA-03616,submittable,311-33|311-62|311-61|311-60,Heating Company Complaint. Report a problem with a heating company.
KA-03617,informational,311-96,Smart City Testbed Program. Learn about a program that helps city agencies pilot new and emerging technologies by partnering them with applicant companies and academic groups.
KA-03618,informational,311-69|311-94,Disaster Preparedness and Recovery for Businesses. Get help with disaster preparedness and recovery for businesses.
KA-03620,informational,311-23,Medical Debt Relief. Get general information about the NYC Medical Debt Relief Program for low-income New Yorkers.
KA-03621,informational,311-46,Worker Protection Survey. Learn about a worker survey from the Department of Consumer and Worker Protection (DCWP).
KA-03622,informational,311-107|311-50|311-35|311-49|311-62|311-12|311-58|311-61|311-68|311-80,"City-Issued Summons Payment. Pay a summons for violations of quality of life laws, health code, or other City rules."
KA-03623,submittable,311-64,Pedestrian Plazas. Report a public pedestrian plaza that needs maintenance.
KA-03624,submittable,311-43|311-33,Student Loan Scams. Report a student loan debt scam.
KA-03625,submittable,311-33,NYSED Licensed Professional or Business Complaint. Report a problem with a professional or business licensed by New York State Education Department (NYSED) Office of Professions.
KA-03626,informational,311-62,Weatherization Assistance Program. Learn about New York State’s Weatherization Assistance Program (NYSWAP).
KA-03627,submittable,311-92,E-Bike Battery Swapping and Charging Cabinets. Learn how property owners can apply to install e-bike battery swapping and charging cabinets next to their building.
KA-03628,informational,311-95|311-94,"Visiting Inspector Program (VIP). Request a free, no-violation visit of your business from the Department of Consumer and Worker Protection (DCWP)."
KA-03630,informational,311-46,Workers' Bill of Rights. Learn about worker rights in New York City. Request the Know Your Rights at Work poster.
KA-03631,unclear,311-69,Earthquake. Learn more about earthquake safety and recent activity in the NYC metro.
KA-03632,informational,311-56,Expedited Partner Therapy (EPT). Learn about treatment for sex partners of patients for STIs without an examination.
KA-03633,informational,311-80,LockerNYC Pilot. Learn about a pilot program that allows New Yorkers to receive and send packages using secure lockers on public sidewalks.
KA-03634,informational,311-49,South Brooklyn Marine Terminal Wind Project. Learn about the Empire Wind Project at the South Brooklyn Marine Terminal.
KA-03636,informational,311-57|311-12,Noise Safety and Health. Learn about noise and how to prevent noise-induced hearing loss.
KA-03637,informational,311-63|311-64|311-62|311-61,Building Parapet Observations. Learn about annual building parapet observations and requirements.
KA-03638,submittable,311-68,Dirt Bikes and All-Terrain Vehicle (ATV) Storage Complaint. Report the illegal storage of dirt bikes or all-terrain vehicles (ATV).
KA-03639,informational,311-20|311-59|311-61|311-60,NYCHA Section 8 Waitlist. Learn about the NYCHA Section 8 Program.
KA-03640,informational,311-33,NYSED Licensed Professional or Business. Get information about any professional or business license from the New York State Education Department.
KA-03641,informational,311-12,Noise Code. Learn about the noise code and current noise reduction projects.
KA-03642,informational,311-109|311-75,NYC Community Health Survey. Learn about the NYC Community Health Survey.
KA-03643,informational,311-39|311-36|311-58,Public Restrooms. Find a public restroom.
KA-03644,informational,311-23|311-22,Summer EBT. Learn about Summer EBT food benefits being distributed to all households with eligible children who receive free school lunch.
KA-03645,informational,311-68,Community Camera Sharing Program. Learn how business owners can register a security camera to share live video feeds with the NYPD during emergencies.
KA-03646,submittable,311-64|311-62|311-61|311-60,"Housing Information Classes. HPD offers free informational classes on a variety of housing topics for tenants, homeowners, and property managers."
KA-03647,informational,311-61|311-60,Good Cause Eviction. Learn about Good Cause Eviction protections for tenants of market-rate (unregulated) homes in New York City.
KA-03648,submittable,311-23|311-62|311-60,HEAP Heating Equipment Repair or Replacement (HERR) Benefit. Learn more about the Heating Equipment Repair or Replacement Benefit.
KA-03649,unclear,311-23|311-62|311-60,HEAP Clean and Tune Benefit. Learn more about the HEAP Clean and Tune benefit.
KA-03650,unclear,311-23|311-62|311-60,Emergency HEAP Benefit. Learn more about the HEAP Emergency Benefit.
KA-03651,informational,311-62|311-47,Lead Service Line Replacement Program. Learn about pilot programs to replace water service lines made of lead or galvanized steel at no cost to eligible homeowners in specific areas.
KA-03654,informational,311-58,Added Sugars Warning. Learn about the added sugars warning requirements for chain restaurants.
KA-03660,informational,311-49|311-69,Brush Fire Risk. Learn about the current brush fire risk and the Burn Ban in place for New York State.
KA-03661,informational,311-92,"E-Bike Trade-in Pilot Program. Learn about a program for eligible food delivery workers to replace their unsafe devices with certified, high-quality e-bikes and compatible batteries."
KA-03662,submittable,311-33|311-58|311-60,Smoke Free Air Act Complaint. Report violations of the Smoke Free Air Act.
KA-03663,informational,311-64,Building Planting Regulations. Learn about building planting regulations or report a violation.
KA-03665,unclear,311-33|311-60,Broker Fees. Learn more about broker fees.
KA-03666,informational,311-64|311-74,"Property Card. Order a property card that provides information about a building's ownership, classification, and assessed valuation from the 1930s through the 1970s."
KA-03667,informational,311-58,Bird Flu Information. Learn about bird flu (avian influenza).
KA-03669,informational,311-57|311-36|311-103,"Saturday Night Lights. Learn about a citywide program that provides young people with year-round free, exceptional sports programs on Saturday nights."
KA-03670,informational,311-44|311-25|311-43|311-29,Neighborhood Tech Help. Neighborhood Tech Help (NTH) offers free tech support at various locations Citywide.
KA-03671,informational,311-95,Hotel License. Apply for or renew a hotel license.
KA-03672,informational,311-12|311-111|311-68,NYPD Quality of Life Division. Learn about a citywide effort to resolve persistent quality-of-life concerns through the newly created NYPD Quality of Life Division.
KA-03673,emergency,311-62|311-61|311-68|311-60,Natural Gas Detectors. Leave the area immediately and then call 911 to report a gas leak. Learn about natural gas detector requirements.
KA-03674,submittable,311-81,"Traffic Lane Separator Complaint. Report traffic lane separators (such as plastic bollards, flexible delineators, or rubber speed bumps) that are damaged, flattened, or missing."
KA-03675,informational,311-56|311-21,Mobile Behavioral Health Treatment and Care Coordination Services. Providers can learn more about mental health services for adults and children.
KA-03679,informational,311-62|311-60,Essential Plan Cooling Program. The Essential Plan Cooling Program provides a free air conditioner to eligible New Yorkers.
KA-03680,informational,311-42|311-23,Financial Literacy for Youth. Financial Literacy for Youth teaches New York City public school students how to manage money wisely.
KA-03681,unclear,311-84,Inflation Refund. Learn more about New York State inflation refunds.
KA-03682,informational,311-33,Credit Card Surcharge. Learn about the credit card surcharge law.
KA-03683,submittable,311-107|311-35,Street Vendor Property Redemption. Learn how to redeem street vendor property that was seized by Department of Sanitation (DSNY).
KA-03684,submittable,311-93|311-22|311-20|311-59,Social Care Networks (SCNs). Learn more about support services for New York Medicaid members.
KA-03685,informational,311-50|311-62,Bin Reimbursement. Learn about NYC Bin reimbursement.
KA-03687,unclear,311-53,Early Voting. Learn how to vote before Election Day in person or by mail.
KA-03688,unclear,311-53,Absentee Voting. Learn how to vote if you can't make it to a poll site.
KA-03689,informational,311-53,Board of Elections Offices. Find locations and contact information for borough election offices.
KA-03690,submittable,311-53,Political Campaign Complaint. 311 does not take complaints about election campaigns or candidates.
KA-03691,informational,311-53,Poll Sites. Find your poll site and learn how to vote in person.
KA-03692,informational,311-53,Ranked Choice Voting. Learn how to rank candidates when voting in primaries or special elections.
KA-03693,unclear,311-53|311-98,Voter Rights. Learn your rights as a voter.
KA-03695,informational,311-28,Access NYC311 as a Person with a Disability. Learn more about accessing NYC311's services as a person with a disability.
KA-03696,submittable,311-62|311-47,Mandatory Downspout Disconnection. New York City property owners must ensure their downspouts (rain gutters) are not connected to the City’s sanitary sewer system.
KA-03697,informational,311-21,Income Savings Plan (ISP). Get help for former Income Savings Plan (ISP) Program participants.
KA-03701,informational,311-56,Pharmacy Home Delivery Program. Learn more about prescription delivery for Gotham Health patients.
KA-03702,informational,311-21|311-69,"Warming Centers. Find a warming center, a heated place to go when it is dangerously cold."
KA-03703,informational,311-25|311-40|311-22|311-24|311-20|311-89,"NYC Affordability Resources. Get help with rent, groceries, and other everyday costs."
KA-03704,unclear,311-25|311-56,Elevate You Youth Behavioral Health Clinics. Learn more about clinics for youth experiencing a mental health or substance use issue.
KA-03705,submittable,311-56|311-21,Street Health Outreach and Wellness (SHOW). Homeless New Yorkers can access basic health and wellness services at SHOW mobile units.
KA-03706,informational,311-63|311-64|311-62,Snow or Ice on Building. Report snow or ice on a building or construction site.
KA-03707,submittable,311-61|311-60,Rent Stabilization Notice Not Posted. Report a residential rental building owner for not posting a Rent Stabilization Notice.
KA-03708,unclear,311-60,Rental Ripoff Hearings. Rental Ripoff Hearings were held through April 2026 throughout NYC.
KA-03709,informational,311-95,Open Grid Security Gates. Learn about about open grid security gate requirements for businesses at street level.
KA-03710,unclear,311-25|311-102|311-40|311-103,2-K Enrollment. Learn more about free child care for two-year-olds. Learn about the 2-K Jingle Contest.
KA-03711,submittable,311-64|311-62|311-69|311-61|311-60,"Back Home NYC. Get help if you are displaced from your home because of a vacate order, fire, or other emergency."
KA-03712,informational,311-43,Mayor's Scholarship Program. New York City government employees can apply for undergraduate and graduate scholarships.
KA-03714,informational,311-23|311-22,SNAP Benefit Management. Learn how to manage your SNAP benefits and get help with your case.
KA-03715,unclear,311-22,Restaurant Meals for SNAP Recipients. Learn if you can use your SNAP benefits at restaurants.
KA-03716,informational,311-68,Electronic Benefit Theft and Scams. Learn about EBT scams and how to report stolen benefits or personal information.
KA-03717,submittable,311-22,SNAP Complaint. Report a problem with the SNAP program or a retailer.
KA-03718,unclear,311-23|311-22,SNAP Recertification. Learn how to recertify and keep getting SNAP benefits.
KA-03719,submittable,311-68,Cargo Drone Complaint. Report an issue or ask a question about the cargo drones.
KA-03720,informational,311-22,NYC Grocery Stores. Find affordable groceries with City-owned grocery stores.
KA-03721,informational,311-38|311-39,FIFA World Cup 2026. Learn about the FIFA World Cup 2026 and free official Fan Events across New York City.
KA-03722,submittable,311-58,Hantavirus Information. Hantavirus pulmonary syndrome is a rare but potentially serious disease.
KA-03723,submittable,311-23|311-62|311-60,Enhanced Energy Affordability Program (EEAP). Learn more about the pilot program that offers discounts to reduce energy costs.
KA-03724,unclear,311-53|311-98,"2026 Primary Election. Learn where, when, and how to vote in the June primary election."
KA-03725,informational,311-63|311-64|311-62|311-61,No Penalty Inspection Programs. Learn about the Department of Buildings (DOB) annual no penalty inspection programs.
KA-03726,submittable,311-64,DCAS Event Space for Rent. Rent a City-owned building for a privately held special event or celebration.
KA-03727,unclear,311-60,Organize NYC. Organize NYC helps sustain collective action around the issues that matter most to working New Yorkers.
KA-03728,informational,311-39,David N. Dinkins Building Visit. Experience panoramic views of Lower Manhattan at Centre 360.
